Number,Date,Symbol,Open,High,Low,Close,Volume,Volume USD
1,10/8/2015,BTCUSD,242.5,245,242.5,243.95,18.8,4595.84
2,10/9/2015,BTCUSD,243.95,249.97,243.6,245.39,30.99,7651.63
3,10/10/2015,BTCUSD,245.39,246.3,244.6,246.3,12.17,2984.44
4,10/11/2015,BTCUSD,246.3,249.5,246.3,249.5,12.22,3021.12
5,10/12/2015,BTCUSD,249.5,249.5,247.6,247.6,38.28,9493.89
6,10/13/2015,BTCUSD,247.6,252.87,245.75,250,51.71,12875.4
7,10/14/2015,BTCUSD,250,254.75,250,253,119.54,30115.77
8,10/15/2015,BTCUSD,253,258.98,253,255.26,197.11,50535.45
9,10/16/2015,BTCUSD,255.9,269.98,255.9,263.75,101.13,26743.35
10,10/17/2015,BTCUSD,263.75,285,263.14,272.47,664.66,180981.35
11,10/18/2015,BTCUSD,272.47,274.89,264.01,268.46,53.56,14484
12,10/19/2015,BTCUSD,268.46,274.77,265,272.49,132.93,35836.54
13,10/20/2015,BTCUSD,272.49,275.99,266.02,272.1,202.09,54949.01
14,10/21/2015,BTCUSD,272.1,272.75,269.5,271.64,364.6,99066.75
15,10/22/2015,BTCUSD,271.64,279.98,271.23,276.89,588.5,162664.5
16,10/23/2015,BTCUSD,276.89,283.95,276.89,280.2,590.31,164962.53
17,10/24/2015,BTCUSD,280.2,285,280.19,285,438.03,123247.67
18,10/25/2015,BTCUSD,285,297,285,289.38,46.26,13502.41
19,10/26/2015,BTCUSD,289.38,296.99,283.99,288.54,339.76,97784.33
20,10/27/2015,BTCUSD,288.54,299,288.53,298.2,691.25,202956.9
21,10/28/2015,BTCUSD,298.2,309,298.2,307.05,1219.05,369278.2
22,10/29/2015,BTCUSD,307.05,320.01,261.51,314.89,1675.85,522681.16
23,10/30/2015,BTCUSD,314.89,374,314.89,330.36,2078.47,681306.37
24,10/31/2015,BTCUSD,330.36,336.69,309.15,315,193.96,62936.19
25,11/1/2015,BTCUSD,315,330,299.76,330,377.15,120386.11
26,11/2/2015,BTCUSD,330,370,326.1,367.85,3028.56,1062068.18
27,11/3/2015,BTCUSD,367.85,424.62,362.25,400,3009.34,1182587.15
28,11/4/2015,BTCUSD,400,500,365,410,2104.01,957774.87
29,11/5/2015,BTCUSD,410,450,369.73,379.42,1655.25,671522.45
30,11/6/2015,BTCUSD,379.42,399.7,354.01,376,1183.23,443559.45
31,11/7/2015,BTCUSD,376,391.92,374.97,388.13,824.89,316125.45
32,11/8/2015,BTCUSD,388.13,389.61,363.47,377,152.4,58646.32
33,11/9/2015,BTCUSD,377,386.79,361.43,381.46,1134.47,426641.07
34,11/10/2015,BTCUSD,381.46,383,236,336.18,728.85,255925.57
35,11/11/2015,BTCUSD,336.18,343.75,300,306,1225.57,385120.65
36,11/12/2015,BTCUSD,306,344.8,300.51,335.5,1215.85,397146.18
37,11/13/2015,BTCUSD,335.5,348.58,326.6,338.45,478.64,160014.56
38,11/14/2015,BTCUSD,338.45,2200,332.92,349.99,616.59,254383.14
39,11/15/2015,BTCUSD,349.99,354.99,317.76,318.66,396.53,132609.66
40,11/16/2015,BTCUSD,318.66,338.99,315,336.99,475.92,155088.38
41,11/17/2015,BTCUSD,336.99,340.24,328.33,334.51,892.06,299171.45
42,11/18/2015,BTCUSD,334.51,337.9,330.01,335.99,1545.01,517355.7
43,11/19/2015,BTCUSD,335.99,335.99,322.34,325.01,908.48,302039.17
44,11/20/2015,BTCUSD,325.01,328.3,310,320.51,371.67,119626.03
45,11/21/2015,BTCUSD,320.51,328.97,318.28,325.22,324.76,105230.72
46,11/22/2015,BTCUSD,325.22,328.75,320.99,324.37,301.36,97804.72
47,11/23/2015,BTCUSD,324.37,326.32,320.01,322.75,1010.84,326786.37
48,11/24/2015,BTCUSD,322.75,324.53,305,317.52,884.39,283519.45
49,11/25/2015,BTCUSD,317.52,332,315.21,327.5,546.09,178654.88
50,11/26/2015,BTCUSD,327.5,365.37,327.5,360,510.4,175433.89
51,11/27/2015,BTCUSD,360,369.04,347.76,360.4,1023.14,370511.16
52,11/28/2015,BTCUSD,360.4,360.41,352,357,161.21,57658.18
53,11/29/2015,BTCUSD,357,380,354.01,368.11,462.71,168299.4
54,11/30/2015,BTCUSD,368.11,380.99,367.5,377.29,1510.3,565830.65
55,12/1/2015,BTCUSD,377.29,379.99,355.01,363.01,511.06,186714.7
56,12/2/2015,BTCUSD,363.01,364.03,349,361.18,422.45,151625.88
57,12/3/2015,BTCUSD,361.18,369.99,358,361.5,965.2,350211.87
58,12/4/2015,BTCUSD,361.5,364.48,356,362.03,912.81,329262.86
59,12/5/2015,BTCUSD,362.03,389.9,361.53,385.82,746.45,278215.04
60,12/6/2015,BTCUSD,385.82,403.33,385.82,395.5,220.74,86851.71
61,12/7/2015,BTCUSD,395.5,400,385.01,398.62,779.95,307497.84
62,12/8/2015,BTCUSD,398.62,412.13,390.84,412.13,501.04,200415.53
63,12/9/2015,BTCUSD,412.13,424.48,347.5,418.98,695.45,285473.2
64,12/10/2015,BTCUSD,418.98,422.89,412.54,416.49,652.46,272274.87
65,12/11/2015,BTCUSD,416.49,454.97,416.49,452,905.65,395780.18
66,12/12/2015,BTCUSD,452,473.34,408.45,435,537.74,234650.28
67,12/13/2015,BTCUSD,435,441.53,422,435.9,120.12,52006.96
68,12/14/2015,BTCUSD,435.9,450.36,429.86,445.7,1019.46,456179.39
69,12/15/2015,BTCUSD,445.7,480,445.1,465.99,974.16,447962.48
70,12/16/2015,BTCUSD,465.99,466.24,440,456.34,452.41,206807.6
71,12/17/2015,BTCUSD,456.34,459.89,450.25,458,312.18,142561.92
72,12/18/2015,BTCUSD,458,465.73,456.56,463.02,497.74,229780.19
73,12/19/2015,BTCUSD,463.02,466.93,455,461.8,114.09,52855.37
74,12/20/2015,BTCUSD,461.8,462.99,432.33,439.51,321,143210.6
75,12/21/2015,BTCUSD,439.51,449.99,428.52,437.99,190.11,83319.44
76,12/22/2015,BTCUSD,437.99,442.46,434.79,435.82,286.88,125801.91
77,12/23/2015,BTCUSD,435.82,444.71,435.75,444.54,411.18,181367.62
78,12/24/2015,BTCUSD,444.54,457.22,444.54,455.46,375.44,169870.08
79,12/25/2015,BTCUSD,455.46,461.86,453.99,458.59,79.34,36386.66
80,12/26/2015,BTCUSD,458.59,458.59,407.07,418.72,387.26,164472.22
81,12/27/2015,BTCUSD,418.72,423.64,407.77,422.06,172.62,71710.65
82,12/28/2015,BTCUSD,422.06,429.31,418.53,420.8,89.53,37899.56
83,12/29/2015,BTCUSD,420.8,434.26,420.8,430.76,742.14,317103.63
84,12/30/2015,BTCUSD,430.76,436.79,422.1,428.24,211.58,90822.73
85,12/31/2015,BTCUSD,428.24,434.99,422.01,432.5,206.93,89190.89
86,1/1/2016,BTCUSD,432.5,437.8,429.95,434.55,110.55,48057.58
87,1/2/2016,BTCUSD,434.55,439.53,432.7,435.75,107.57,46885.15
88,1/3/2016,BTCUSD,435.75,437.99,409.11,424.26,496.07,209726.77
89,1/4/2016,BTCUSD,424.26,436.49,424.26,435,485.66,209194.1
90,1/5/2016,BTCUSD,435,435.63,431.55,432.98,259.72,112388.29
91,1/6/2016,BTCUSD,432.98,433.99,427.88,431.1,386.6,166807.9
92,1/7/2016,BTCUSD,431.1,457,430.89,457,1697.75,760356.83
93,1/8/2016,BTCUSD,457,464,448.52,456.68,889.37,405467.61
94,1/9/2016,BTCUSD,456.68,456.68,446.33,450.11,188.38,84963.85
95,1/10/2016,BTCUSD,450.11,450.11,440.01,444.6,17.18,7640.4
96,1/11/2016,BTCUSD,444.6,451.64,444.6,451.28,464.17,207924.92
97,1/12/2016,BTCUSD,451.28,451.28,444.11,445.4,727.12,324599.67
98,1/13/2016,BTCUSD,445.4,445.4,420,431.68,970.73,415972.32
99,1/14/2016,BTCUSD,431.68,433.99,426.75,430.42,502.66,216413.12
100,1/15/2016,BTCUSD,430.42,431.31,358.74,372.04,1724.16,677966.57
101,1/16/2016,BTCUSD,372.04,386.27,353.32,384.25,778.19,291177.44
102,1/17/2016,BTCUSD,384.25,389.85,380.19,383.9,205.95,79204.39
103,1/18/2016,BTCUSD,383.9,387.25,374.83,385.03,2854.76,1099063.99
104,1/19/2016,BTCUSD,385.03,385.53,376.33,380.58,4096.72,1557914.34
105,1/20/2016,BTCUSD,380.58,423.19,376.27,417.51,3195.25,1300414.35
106,1/21/2016,BTCUSD,417.51,425.38,405,412.14,1558.93,638247.28
107,1/22/2016,BTCUSD,412.14,416.99,375,393,2505.96,977136.8
108,1/23/2016,BTCUSD,393,411,380.03,387.8,198.13,77017.19
109,1/24/2016,BTCUSD,387.8,404.24,383.57,401.74,492.46,195967.96
110,1/25/2016,BTCUSD,401.74,403.6,387.65,393.08,1085.8,427392.05
111,1/26/2016,BTCUSD,393.08,396.79,389,389,1061.9,417990.16
112,1/27/2016,BTCUSD,389,396.99,389,395.54,652.15,257391.75
113,1/28/2016,BTCUSD,395.54,395.54,378.36,380.92,479.25,184161.73
114,1/29/2016,BTCUSD,380.92,383.97,365,379.39,973.71,366715.98
115,1/30/2016,BTCUSD,379.39,380,374.53,378.33,247.86,93570.38
116,1/31/2016,BTCUSD,378.33,380,369.54,370,162.26,61072.38
117,2/1/2016,BTCUSD,370,378.99,366.62,371.74,935.68,349785.67
118,2/2/2016,BTCUSD,371.74,375.41,371.74,373.2,977.83,365562.48
119,2/3/2016,BTCUSD,373.2,373.2,367.41,368.7,907.36,336253.34
120,2/4/2016,BTCUSD,368.7,391.7,368.7,390.17,1799.16,686745.79
121,2/5/2016,BTCUSD,390.17,390.17,384.8,387.21,894.87,346279.69
122,2/6/2016,BTCUSD,387.21,387.21,371.09,375.31,480.03,181099.83
123,2/7/2016,BTCUSD,375.31,378.55,373.39,376.03,184.05,69217.17
124,2/8/2016,BTCUSD,376.03,377.86,371.31,371.47,958.04,358682.2
125,2/9/2016,BTCUSD,371.47,377.09,371.47,374,935.99,350955.64
126,2/10/2016,BTCUSD,374,384.19,373.02,380.07,1559.69,594481.56
127,2/11/2016,BTCUSD,380.07,380.57,373.07,376.09,1032.28,389108.52
128,2/12/2016,BTCUSD,376.09,384.71,376.03,383.85,1650.92,629776.6
129,2/13/2016,BTCUSD,383.85,386.52,383.85,386.51,164.45,63308.6
130,2/14/2016,BTCUSD,386.51,406.18,386.51,406.18,1676.36,670546.45
131,2/15/2016,BTCUSD,406.18,407.94,396.71,398.27,867.76,350254.95
132,2/16/2016,BTCUSD,398.27,409.33,398.23,406.72,1144.29,465347.88
133,2/17/2016,BTCUSD,406.72,420.25,406.72,415.9,1425.81,596048.72
134,2/18/2016,BTCUSD,415.9,422.92,414.44,422.21,1800.84,755629.14
135,2/19/2016,BTCUSD,422.21,422.21,416.18,419.04,829.64,348577.17
136,2/20/2016,BTCUSD,419.04,442,419.04,440.75,949.26,407875.43
137,2/21/2016,BTCUSD,440.75,448,426.2,439.28,543.72,237933.71
138,2/22/2016,BTCUSD,439.28,440.12,431.13,436.45,1300.83,569935.95
139,2/23/2016,BTCUSD,436.45,438.23,412.07,418.77,1580.33,661748.35
140,2/24/2016,BTCUSD,418.77,422.99,410.82,421.32,775.35,326202.9
141,2/25/2016,BTCUSD,421.32,426.55,416.86,423.98,673.43,284397.26
142,2/26/2016,BTCUSD,423.98,427.51,418.89,427.5,803.73,340617.72
143,2/27/2016,BTCUSD,427.5,434.18,427.5,431.47,485.03,208782.58
144,2/28/2016,BTCUSD,431.47,433.36,421.01,431.59,420.85,179601.89
145,2/29/2016,BTCUSD,431.59,440.99,430.14,437.05,984.47,429948.59
146,3/1/2016,BTCUSD,437.05,438.98,427.41,432.32,902.27,391113.93
147,3/2/2016,BTCUSD,432.32,433.73,422.29,423.97,869.86,372954.62
148,3/3/2016,BTCUSD,423.97,423.97,414.06,419.24,2856.05,1196323.59
149,3/4/2016,BTCUSD,419.24,421.07,408.4,408.87,2517.71,1049127.3
150,3/5/2016,BTCUSD,408.87,409.06,367,393.5,3115.9,1247431.02
151,3/6/2016,BTCUSD,393.5,403.96,378.71,403.44,400.98,156921.05
152,3/7/2016,BTCUSD,403.44,413.31,399.26,413.16,2423.93,988846.2
153,3/8/2016,BTCUSD,413.16,413.49,408,412.09,1369.93,562777.31
154,3/9/2016,BTCUSD,412.09,412.99,408.22,410.79,3337.91,1370297.92
155,3/10/2016,BTCUSD,410.79,414.68,410.07,414.68,1792.31,738683.02
156,3/11/2016,BTCUSD,414.68,420.34,414.68,418.93,1525.97,638915.25
157,3/12/2016,BTCUSD,418.93,420.17,405.96,409.72,1090.13,447418.4
158,3/13/2016,BTCUSD,409.72,412.54,409.25,411.18,1668.66,685385.15
159,3/14/2016,BTCUSD,411.18,414.14,411.16,413.99,569.47,235320.23
160,3/15/2016,BTCUSD,413.99,416.09,413.98,416,1294.92,537881.24
161,3/16/2016,BTCUSD,416,416,414.71,416,1443.06,599306.72
162,3/17/2016,BTCUSD,416,419,416,418.95,938,392406.2
163,3/18/2016,BTCUSD,418.95,418.95,403.47,407.59,1017.68,415330.71
164,3/19/2016,BTCUSD,407.59,409.88,405.66,409.88,595.51,242633.91
165,3/20/2016,BTCUSD,409.88,410.99,409.88,410.99,307.22,125995.74
166,3/21/2016,BTCUSD,410.99,411.4,408.66,411.4,811.47,332971.56
167,3/22/2016,BTCUSD,411.4,418,411.39,416.83,922.05,383507.99
168,3/23/2016,BTCUSD,416.83,418.54,416.83,417.01,794.82,331613.57
169,3/24/2016,BTCUSD,417.01,417.16,413.92,415.55,940.74,391557.49
170,3/25/2016,BTCUSD,415.55,416.98,412.79,416.11,952.99,396135.74
171,3/26/2016,BTCUSD,416.11,416.98,416.11,416.92,411.06,171326.93
172,3/27/2016,BTCUSD,416.92,426.75,416.65,424.47,2006.26,846262.98
173,3/28/2016,BTCUSD,424.47,424.47,422,422.16,870.6,368112.34
174,3/29/2016,BTCUSD,422.16,423.75,405.83,414.25,1440.19,594301.55
175,3/30/2016,BTCUSD,414.25,414.64,408.62,413.7,733.55,302278.38
176,3/31/2016,BTCUSD,413.7,416.94,413.7,416.36,1122.37,466556.09
177,4/1/2016,BTCUSD,416.36,416.88,414.59,416.48,732.45,304703.12
178,4/2/2016,BTCUSD,416.48,421.18,416.48,420,826.35,346497.1
179,4/3/2016,BTCUSD,420,420,418.93,419.45,106.09,44510.42
180,4/4/2016,BTCUSD,419.45,419.99,417.74,419.99,692.01,289850.73
181,4/5/2016,BTCUSD,419.99,423.44,419.86,422.48,1068.1,450811.6
182,4/6/2016,BTCUSD,422.48,423.28,422.3,422.82,1184,500636.53
183,4/7/2016,BTCUSD,422.82,422.84,419.65,422.59,1063.18,448516.79
184,4/8/2016,BTCUSD,422.59,424.39,415.45,418.39,2910.51,1227064.07
185,4/9/2016,BTCUSD,418.39,418.39,412.21,416.67,425.9,177374.31
186,4/10/2016,BTCUSD,416.67,420.74,416.67,420.73,444.09,185924.26
187,4/11/2016,BTCUSD,420.73,423.24,419.51,423.23,1184.23,499197.84
188,4/12/2016,BTCUSD,423.23,427.24,423.23,426.43,1405.46,598581.62
189,4/13/2016,BTCUSD,426.43,426.75,421.99,424.53,2049.84,871512.71
190,4/14/2016,BTCUSD,424.53,425.6,424.1,424.96,938.77,398729.37
191,4/15/2016,BTCUSD,424.96,429.84,424.96,429.53,1549.86,663556.99
192,4/16/2016,BTCUSD,429.53,432.5,429.52,429.99,493.59,212553.43
193,4/17/2016,BTCUSD,429.99,430.09,426.2,426.2,218.68,93759.27
194,4/18/2016,BTCUSD,426.2,428.7,426.2,427.99,870.72,372478.85
195,4/19/2016,BTCUSD,427.99,435,427.98,435,1419.48,609416.58
196,4/20/2016,BTCUSD,435,445,434.99,443.54,1732.3,760561.43
197,4/21/2016,BTCUSD,443.54,451,441.86,451,2331.07,1038975.71
198,4/22/2016,BTCUSD,451,451.03,445.26,447.79,1071.76,479782.4
199,4/23/2016,BTCUSD,447.79,452,447.23,452,962.76,433217.1
200,4/24/2016,BTCUSD,452,462.88,449.97,461.05,1451.81,663084.51
201,4/25/2016,BTCUSD,461.05,468.67,453.78,465.9,2696.92,1245577.49
202,4/26/2016,BTCUSD,465.9,470.69,463.49,468.44,1326.16,619399.18
203,4/27/2016,BTCUSD,468.44,469.36,447.03,448.44,2264.18,1036759.2
204,4/28/2016,BTCUSD,448.44,448.99,435.72,448.99,2024.84,901276.78
205,4/29/2016,BTCUSD,448.99,456.98,448.83,455.91,1438.18,651149.45
206,4/30/2016,BTCUSD,455.91,456.78,448.24,450.3,289.92,131025.36
207,5/1/2016,BTCUSD,450.3,453.63,448.26,452.66,345.76,156471.22
208,5/2/2016,BTCUSD,452.66,453.99,441.31,446.36,1898.57,846639.71
209,5/3/2016,BTCUSD,446.36,452,443.69,451.99,1124.91,504046.31
210,5/4/2016,BTCUSD,451.99,451.99,447.46,448,1108.17,497659.99
211,5/5/2016,BTCUSD,448,448.99,447.01,448.99,916.95,410899.7
212,5/6/2016,BTCUSD,448.99,463.4,448.28,461.36,943.65,428824.82
213,5/7/2016,BTCUSD,461.36,461.88,458.83,459.66,556.21,255968.44
214,5/8/2016,BTCUSD,459.66,459.66,456.92,458,158.15,72453.39
215,5/9/2016,BTCUSD,458,463.99,456.81,460.98,1280.41,590431.5
216,5/10/2016,BTCUSD,460.98,462.98,446.01,451.75,1006.4,455323.39
217,5/11/2016,BTCUSD,451.75,454.05,451.74,451.98,1612.89,731150.47
218,5/12/2016,BTCUSD,451.98,453.99,449.3,453.99,1126.7,509610.66
219,5/13/2016,BTCUSD,453.99,458,453.99,457.46,1368.06,624569.19
220,5/14/2016,BTCUSD,457.46,457.48,454.01,456.67,275.1,125656.77
221,5/15/2016,BTCUSD,456.67,457.99,456.36,457.99,230.11,105158.24
222,5/16/2016,BTCUSD,457.99,458.67,452.54,454.43,1178.48,538651.79
223,5/17/2016,BTCUSD,454.43,455.48,452.74,454.69,962.63,437597.27
224,5/18/2016,BTCUSD,454.69,455.99,454.43,455.01,1672.81,761711.39
225,5/19/2016,BTCUSD,455.01,455.01,441.79,443.01,1457.52,653772.34
226,5/20/2016,BTCUSD,443.01,443.63,438.2,442.99,990.25,437622.24
227,5/21/2016,BTCUSD,442.99,443.46,442.08,443.41,751.61,333109.85
228,5/22/2016,BTCUSD,443.41,443.41,436.48,437.74,701.93,309283.08
229,5/23/2016,BTCUSD,437.74,443.86,437.35,443.86,1225.1,541640.05
230,5/24/2016,BTCUSD,443.86,446.98,442.98,445.87,1462.87,651256.28
231,5/25/2016,BTCUSD,445.87,449.99,445.64,449.9,719.99,322660.95
232,5/26/2016,BTCUSD,449.9,454.3,449.9,454.27,1238.38,561015.63
233,5/27/2016,BTCUSD,454.27,480,454.27,476.99,1669.41,788742.88
234,5/28/2016,BTCUSD,476.99,535.73,472.85,526.87,1922.58,957274.99
235,5/29/2016,BTCUSD,526.87,558.46,500,519.29,793.63,415659.54
236,5/30/2016,BTCUSD,519.29,542.81,516.63,532.66,368,195825.92
237,5/31/2016,BTCUSD,532.66,544.84,520.86,530.62,1446.16,771433.23
238,6/1/2016,BTCUSD,530.62,544.99,524.76,539.99,2248.01,1207745.38
239,6/2/2016,BTCUSD,539.99,539.99,533.25,539.78,1057.66,567672.33
240,6/3/2016,BTCUSD,539.78,577.13,535.71,570.02,2370.26,1324395.31
241,6/4/2016,BTCUSD,570.02,590,562.48,573.51,685.37,393390.84
242,6/5/2016,BTCUSD,573.51,584.8,566.56,574.05,359.61,207230.63
243,6/6/2016,BTCUSD,574.05,587.89,574.04,584.44,1169.13,682767.46
244,6/7/2016,BTCUSD,584.44,589.08,566.75,580,1167.17,676863.39
245,6/8/2016,BTCUSD,580,583.75,574.87,581.99,1506.32,873277.55
246,6/9/2016,BTCUSD,581.99,583.15,572.42,579.13,1104.31,638344.17
247,6/10/2016,BTCUSD,579.13,580.9,575.05,578.99,1282.29,740757.64
248,6/11/2016,BTCUSD,578.99,598.64,578.99,597.77,758.37,446469.86
249,6/12/2016,BTCUSD,597.77,683.63,597.77,663.09,2148.82,1367149.19
250,6/13/2016,BTCUSD,663.09,719,663.09,704,3540.96,2447557.85
251,6/14/2016,BTCUSD,704,704.01,662.01,685.37,4373.4,2999059.67
252,6/15/2016,BTCUSD,685.37,696.46,668.39,692.93,2888.29,1967969.36
253,6/16/2016,BTCUSD,692.93,773.74,692.66,764.76,5929.71,4398013.4
254,6/17/2016,BTCUSD,764.76,774.32,707.45,757.06,3186.88,2374921.84
255,6/18/2016,BTCUSD,757.06,788.55,735.64,755.14,1571.48,1201480.95
256,6/19/2016,BTCUSD,755.14,765,746.28,763.99,887.81,676639.48
257,6/20/2016,BTCUSD,763.99,763.99,725.95,741.84,1448.98,1076472.95
258,6/21/2016,BTCUSD,741.84,741.84,625,673.71,3538.43,2378322.18
259,6/22/2016,BTCUSD,673.71,678.99,600.16,600.16,2846.6,1826484.51
260,6/23/2016,BTCUSD,600.16,634.83,560.01,628.11,3468.79,2055230.68
261,6/24/2016,BTCUSD,628.11,680,625.13,662.66,2033.06,1324010.48
262,6/25/2016,BTCUSD,662.66,696.99,646.42,665.15,602.99,409368.44
263,6/26/2016,BTCUSD,665.15,665.15,614.04,631.14,752.93,473629.94
264,6/27/2016,BTCUSD,631.14,655,621.38,650.09,1478.9,950148.12
265,6/28/2016,BTCUSD,650.09,657.15,636.47,648.78,1357.52,881985.23
266,6/29/2016,BTCUSD,648.78,650.51,631.43,640.32,1770.39,1136953.81
267,6/30/2016,BTCUSD,640.32,675.28,637.34,673.43,2150.8,1420640.63
268,7/1/2016,BTCUSD,673.43,693.31,668.6,680.96,1702.24,1154838.66
269,7/2/2016,BTCUSD,680.96,699.99,677.6,699.99,896.79,619632.93
270,7/3/2016,BTCUSD,699.99,703.03,645.86,664.67,644.4,433777.95
271,7/4/2016,BTCUSD,664.67,679.88,649.38,679.45,918.02,618617.4
272,7/5/2016,BTCUSD,679.45,679.89,661.13,666.23,1199.34,804016.94
273,7/6/2016,BTCUSD,666.23,679.5,665.7,674.99,871.12,586279.59
274,7/7/2016,BTCUSD,674.99,679.51,611.35,637.99,2061.51,1306966.88
275,7/8/2016,BTCUSD,637.99,662.71,637.98,661.99,919.76,599367.63
276,7/9/2016,BTCUSD,661.99,661.99,625.33,654.78,1238.13,798850.06
277,7/10/2016,BTCUSD,654.78,654.78,640.4,649.99,506.06,327412.58
278,7/11/2016,BTCUSD,649.99,658.99,645,650.83,1042.84,677341.2
279,7/12/2016,BTCUSD,650.83,674.83,647.73,673.99,1808.13,1200532.71
280,7/13/2016,BTCUSD,673.99,673.99,657.02,661.55,1512.05,1001514.36
281,7/14/2016,BTCUSD,661.55,663.48,650.67,658.98,1384.3,912790.13
282,7/15/2016,BTCUSD,658.98,669.01,658.69,665,891.47,591878.57
283,7/16/2016,BTCUSD,665,668.72,660,663.84,202.96,134713.56
284,7/17/2016,BTCUSD,663.84,687.56,663.84,678.34,1145.73,778228.53
285,7/18/2016,BTCUSD,678.34,682.71,667.49,672.74,1102.58,745286.58
286,7/19/2016,BTCUSD,672.74,674.43,667.67,672.98,727.93,488504.76
287,7/20/2016,BTCUSD,672.98,673.52,662.04,664.86,2106.48,1404858.53
288,7/21/2016,BTCUSD,664.86,667.31,660.02,665.86,712.51,473882.2
289,7/22/2016,BTCUSD,665.86,666.99,644.08,649.03,677.36,444381.34
290,7/23/2016,BTCUSD,649.03,656.85,649.03,655.92,433.95,283517.52
291,7/24/2016,BTCUSD,655.92,665.08,652.7,663.95,231.84,152903.65
292,7/25/2016,BTCUSD,663.95,663.99,652.74,656.26,968.8,637333.97
293,7/26/2016,BTCUSD,656.26,659.1,646.27,655.16,1243.9,814487.72
294,7/27/2016,BTCUSD,655.16,659.68,650.27,658.24,643.3,422526.77
295,7/28/2016,BTCUSD,658.24,659.24,654.63,657.32,676.31,444509.43
296,7/29/2016,BTCUSD,657.32,657.99,655.87,657.99,1021.79,671745.98
297,7/30/2016,BTCUSD,657.99,657.99,654.83,655.01,198.59,130374.6
298,7/31/2016,BTCUSD,655.01,655.01,622.17,622.17,638.49,404947.05
299,8/1/2016,BTCUSD,622.17,626.61,606,606.78,1344.86,833402.75
300,8/2/2016,BTCUSD,606.78,614.38,456.36,515.86,3356.11,1891926.4
301,8/3/2016,BTCUSD,515.86,573.99,508.12,572.38,2105.97,1161353.53
302,8/4/2016,BTCUSD,572.38,602.15,567.61,585,1214.75,699809.3
303,8/5/2016,BTCUSD,585,585.15,572,575.51,1314.46,756689.49
304,8/6/2016,BTCUSD,575.51,590.68,572.14,588.16,727.17,423689.96
305,8/7/2016,BTCUSD,588.16,598.99,583.68,593.65,481.41,284717.06
306,8/8/2016,BTCUSD,593.65,598.99,589.66,595.65,1086.9,646963.38
307,8/9/2016,BTCUSD,595.65,595.96,583.43,585.76,1461.42,861476.94
308,8/10/2016,BTCUSD,585.76,600,584.07,595.14,1297.2,771219.25
309,8/11/2016,BTCUSD,595.14,597.19,587.01,587.57,994.18,588907.16
310,8/12/2016,BTCUSD,587.57,590.22,584.13,588.83,1178.5,693614.82
311,8/13/2016,BTCUSD,588.83,589.01,584.54,586.99,312.91,183870.38
312,8/14/2016,BTCUSD,586.99,586.99,566,571.7,517.34,296890.36
313,8/15/2016,BTCUSD,571.7,573.43,560.32,569.33,1004.32,569293.45
314,8/16/2016,BTCUSD,569.33,582.87,565.11,580.35,2250.67,1294063.25
315,8/17/2016,BTCUSD,580.35,580.35,571.16,574.99,1328.69,762121.71
316,8/18/2016,BTCUSD,574.99,576.72,573,574.08,1316.25,757122.81
317,8/19/2016,BTCUSD,574.08,576.99,570,573.7,1458.38,837295.15
318,8/20/2016,BTCUSD,573.7,580.21,573.7,580.21,449.71,259301.89
319,8/21/2016,BTCUSD,580.21,580.99,579.21,579.85,146.04,84777.33
320,8/22/2016,BTCUSD,579.85,588.96,579.85,586.97,1418.36,829418.58
321,8/23/2016,BTCUSD,586.97,586.97,580.66,581.98,943.71,549857.78
322,8/24/2016,BTCUSD,581.98,581.99,577.99,579.24,901.13,522461.91
323,8/25/2016,BTCUSD,579.24,579.24,566,575.97,2026.44,1161333.85
324,8/26/2016,BTCUSD,575.97,578.99,575.76,578.77,606.36,350319.44
325,8/27/2016,BTCUSD,578.77,578.99,568.01,569.82,278.21,159265.05
326,8/28/2016,BTCUSD,569.82,572.98,569.82,572.98,310.86,177486.57
327,8/29/2016,BTCUSD,572.98,575.99,571.71,573.36,972.74,558705.67
328,8/30/2016,BTCUSD,573.36,579.36,573.35,577.91,1263.63,727900.04
329,8/31/2016,BTCUSD,577.91,577.91,572.52,574.22,1491.14,855848.83
330,9/1/2016,BTCUSD,574.22,577.35,570.73,571.53,1247.36,716144.18
331,9/2/2016,BTCUSD,571.53,577.35,570.73,574.85,820.84,471476.74
332,9/3/2016,BTCUSD,574.85,607.14,573.93,600.17,1213.01,716423.67
333,9/4/2016,BTCUSD,600.17,611.84,500,607.67,662.56,397938.79
334,9/5/2016,BTCUSD,607.67,608.57,601.1,605.98,300.25,181521.97
335,9/6/2016,BTCUSD,605.98,611.89,605.45,611.89,541.27,329527.12
336,9/7/2016,BTCUSD,611.89,617.1,609.9,614.48,1513.9,931506.85
337,9/8/2016,BTCUSD,614.48,628.23,614.48,624.7,1379.06,859528.62
338,9/9/2016,BTCUSD,624.7,625.7,618.24,622.15,898.14,558400.19
339,9/10/2016,BTCUSD,622.15,623.8,619.33,623.45,486.69,302387.38
340,9/11/2016,BTCUSD,623.45,628.79,591.93,604.86,811.36,493538.52
341,9/12/2016,BTCUSD,604.86,609.13,604.08,607.81,698.8,423511.48
342,9/13/2016,BTCUSD,607.81,610.78,605.84,607.94,836.93,509225.08
343,9/14/2016,BTCUSD,607.94,610.73,607.1,608.99,674.57,410983.3
344,9/15/2016,BTCUSD,608.99,609.5,604.71,605.76,1486.35,902841.09
345,9/16/2016,BTCUSD,605.76,609.03,605.68,607.14,1253.87,761390.46
346,9/17/2016,BTCUSD,607.14,607.94,606.36,606.38,500,303480.55
347,9/18/2016,BTCUSD,606.38,608.99,606.37,608.99,228.84,138948.26
348,9/19/2016,BTCUSD,608.99,610.3,608,608.99,1575.91,960234.01
349,9/20/2016,BTCUSD,608.99,608.99,606.81,608.59,634.61,385888.25
350,9/21/2016,BTCUSD,608.59,608.59,591.95,595.61,4385.48,2609562.85
351,9/22/2016,BTCUSD,595.61,596.17,592.93,594.69,3118.47,1857241.19
352,9/23/2016,BTCUSD,594.69,601.34,593.82,601.25,4969.89,2976842.02
353,9/24/2016,BTCUSD,601.25,603.28,598.51,601.32,1593.36,954617.63
354,9/25/2016,BTCUSD,601.32,601.48,598.19,600,1363.46,817615.91
355,9/26/2016,BTCUSD,600,607.58,599.72,606.98,2418.75,1463058.84
356,9/27/2016,BTCUSD,606.98,607.2,601.11,604.9,3770.93,2278251.65
357,9/28/2016,BTCUSD,604.9,605.7,602.75,604.24,3271.82,1973586.19
358,9/29/2016,BTCUSD,604.24,606.52,603.86,604.87,3610.81,2184652.63
359,9/30/2016,BTCUSD,604.87,607.2,603.51,607.2,3356.75,2030182.93
360,10/1/2016,BTCUSD,607.2,616,607.2,614.04,1114.44,684672.23
361,10/2/2016,BTCUSD,614.04,614.04,607,610.5,774.69,471431.53
362,10/3/2016,BTCUSD,610.5,613,610.4,612.91,2500.09,1531896.86
363,10/4/2016,BTCUSD,612.91,612.99,609.05,609.98,2759.95,1683483.75
364,10/5/2016,BTCUSD,609.98,613.94,609.67,612.38,2562.14,1566205.98
365,10/6/2016,BTCUSD,612.38,613.19,611.27,611.8,3245.96,1987364.94
366,10/7/2016,BTCUSD,611.8,617.99,610,617.99,3135.14,1931579.12
367,10/8/2016,BTCUSD,617.99,618.15,616.96,617.99,773.81,477844.2
368,10/9/2016,BTCUSD,617.99,618.38,615.18,616.06,759.55,468728.81
369,10/10/2016,BTCUSD,616.06,617.99,614.73,617.37,2148.59,1324475.38
370,10/11/2016,BTCUSD,617.37,640,617.3,640,4341.38,2764907.56
371,10/12/2016,BTCUSD,640,640,634.74,635.33,3698.39,2359830.15
372,10/13/2016,BTCUSD,635.33,640,634.64,635.45,2934.47,1866680.69
373,10/14/2016,BTCUSD,635.45,641.59,632.44,636.93,3519.2,2244783.14
374,10/15/2016,BTCUSD,636.93,639.67,633.23,635.17,595.55,379145.81
375,10/16/2016,BTCUSD,635.17,640.68,635.17,639.58,757.33,482783.09
376,10/17/2016,BTCUSD,639.58,639.58,634.52,637.79,2660,1692964.91
377,10/18/2016,BTCUSD,637.79,638.88,633.69,635,2456.74,1561046.13
378,10/19/2016,BTCUSD,635,637.29,625.69,628.61,3193.63,2006496.9
379,10/20/2016,BTCUSD,628.61,629.55,622.83,629,2096.39,1314517.88
380,10/21/2016,BTCUSD,629,631.87,628.23,630.15,2635.75,1661384.27
381,10/22/2016,BTCUSD,630.15,657.47,630.15,656.06,2102.32,1366292.31
382,10/23/2016,BTCUSD,656.06,664.54,648.78,650.51,473.85,309814.67
383,10/24/2016,BTCUSD,650.51,650.51,645.36,648.73,3386.23,2195061.91
384,10/25/2016,BTCUSD,648.73,658.99,648.25,649.56,2589.43,1692215.62
385,10/26/2016,BTCUSD,649.56,678.55,646.99,668.82,3185.09,2133802.26
386,10/27/2016,BTCUSD,668.82,683.26,668.82,680,2810.99,1912383.61
387,10/28/2016,BTCUSD,680,690.32,679.99,688.99,2649.94,1820276.79
388,10/29/2016,BTCUSD,688.99,722.21,688.98,715.94,1798.51,1281108.95
389,10/30/2016,BTCUSD,715.94,715.94,695.23,700.01,1017.36,719479.55
390,10/31/2016,BTCUSD,700.01,707.7,685.04,697.7,3383.23,2380006.8
391,11/1/2016,BTCUSD,697.7,736.61,697.7,730.48,2299,1665667.03
392,11/2/2016,BTCUSD,730.48,734.99,720.04,734.99,2628.52,1910849.42
393,11/3/2016,BTCUSD,734.99,746.15,674.98,685.62,4715.49,3328428.81
394,11/4/2016,BTCUSD,685.62,707.83,685.61,706.98,3267.99,2280192.11
395,11/5/2016,BTCUSD,706.98,711.34,698,706.33,582.91,410662.3
396,11/6/2016,BTCUSD,706.33,714.91,698.85,711.15,1283.33,907878.32
397,11/7/2016,BTCUSD,711.15,711.16,701.24,709.29,2874.45,2033893.35
398,11/8/2016,BTCUSD,709.29,713.99,704.01,713.6,3239.73,2302691.86
399,11/9/2016,BTCUSD,713.6,739.85,709.68,721.48,2677.93,1944232.63
400,11/10/2016,BTCUSD,721.48,721.48,705.99,710.99,3329.69,2365206.39
401,11/11/2016,BTCUSD,710.99,718.07,710.92,715.23,1793.94,1279859.46
402,11/12/2016,BTCUSD,715.23,715.23,698.99,700.31,524.93,369709.82
403,11/13/2016,BTCUSD,700.31,704.12,684.46,702,898.55,622639.13
404,11/14/2016,BTCUSD,702,708.46,696.37,707.03,1532.28,1078063.58
405,11/15/2016,BTCUSD,707.03,716.85,705.54,712.44,2631.77,1878245.25
406,11/16/2016,BTCUSD,712.44,742.81,710.36,739.99,3462.26,2534527.07
407,11/17/2016,BTCUSD,739.99,750,733.5,736.03,2782.66,2058291.58
408,11/18/2016,BTCUSD,736.03,750,735.61,748.13,1207.81,898999.2
409,11/19/2016,BTCUSD,748.13,755.5,745,750.98,593.62,445035
410,11/20/2016,BTCUSD,750.98,751.99,710.03,727.36,1434.69,1043439.58
411,11/21/2016,BTCUSD,727.36,738.73,725.45,737.48,1896.13,1394461.23
412,11/22/2016,BTCUSD,737.48,751.67,733.52,748.35,4130.47,3072634.53
413,11/23/2016,BTCUSD,748.35,748.35,732.18,742.41,1796.89,1333425.06
414,11/24/2016,BTCUSD,742.41,745.72,728,737.99,1528.78,1125495.11
415,11/25/2016,BTCUSD,737.99,741.75,730.25,741.28,1688.61,1242725.97
416,11/26/2016,BTCUSD,741.28,742.54,724.49,736.45,530.09,389579.1
417,11/27/2016,BTCUSD,736.45,736.45,728.35,728.35,1412.81,1035273.66
418,11/28/2016,BTCUSD,728.35,734.6,724.81,732.99,2569.57,1880058.35
419,11/29/2016,BTCUSD,732.99,735.36,731.88,732.36,1990.72,1460133.43
420,11/30/2016,BTCUSD,732.36,745.5,732.36,742.11,2238.84,1657189.75
421,12/1/2016,BTCUSD,742.11,757,742.11,753.99,2099.74,1578190.18
422,12/2/2016,BTCUSD,753.99,777.05,753.99,774.14,3228.92,2483261.19
423,12/3/2016,BTCUSD,774.14,774.98,760.51,766.47,1289.54,991356.63
424,12/4/2016,BTCUSD,766.47,769.97,763.02,765.69,505.16,386967.48
425,12/5/2016,BTCUSD,765.69,765.99,743.73,754.88,2312.42,1743529.82
426,12/6/2016,BTCUSD,754.88,759.38,752.13,758.99,2224.64,1683436.88
427,12/7/2016,BTCUSD,758.99,769.98,752.24,765.49,2370.27,1817145.95
428,12/8/2016,BTCUSD,765.49,772.46,762.5,768.68,1913.75,1468737.46
429,12/9/2016,BTCUSD,768.68,773.35,764.5,770.1,2011.33,1549362.29
430,12/10/2016,BTCUSD,770.1,775.99,769.14,771.79,777.89,601424.17
431,12/11/2016,BTCUSD,771.79,771.79,765.28,769.44,573.24,440245.09
432,12/12/2016,BTCUSD,769.44,780.8,769.44,779.65,1895.97,1472893.72
433,12/13/2016,BTCUSD,779.65,790.84,768.26,780.64,2543.27,1983054.61
434,12/14/2016,BTCUSD,780.64,780.99,772.61,774.84,2177.1,1691510.2
435,12/15/2016,BTCUSD,774.84,780.25,774.55,775.18,3988.66,3100862.14
436,12/16/2016,BTCUSD,775.18,782.47,774.16,782.47,2846.87,2218125.6
437,12/17/2016,BTCUSD,782.47,791.13,782.47,789.39,815.32,642319.59
438,12/18/2016,BTCUSD,789.39,790.28,785.71,790.12,541.47,427042.57
439,12/19/2016,BTCUSD,790.12,790.99,785.1,790.2,2835.51,2236338.92
440,12/20/2016,BTCUSD,790.2,800.88,788.11,800.88,2592.49,2052476.66
441,12/21/2016,BTCUSD,800.88,829.09,796.89,826.21,3842.51,3144178.47
442,12/22/2016,BTCUSD,826.21,871.36,826.15,859,4242.1,3636380.41
443,12/23/2016,BTCUSD,859,919.23,858.37,919.23,4465.5,3994223.23
444,12/24/2016,BTCUSD,919.23,923.47,886.08,893.68,1010.86,913468.58
445,12/25/2016,BTCUSD,893.68,900.33,860.76,896.98,789.08,697385.24
446,12/26/2016,BTCUSD,896.98,919.41,896.22,905.57,793.42,717607.63
447,12/27/2016,BTCUSD,905.57,941.19,900.86,932.65,2490.67,2319656.24
448,12/28/2016,BTCUSD,932.65,981.92,932.48,981.92,2510.09,2412458.09
449,12/29/2016,BTCUSD,981.92,985.43,950.3,978.57,1914.21,1850466.14
450,12/30/2016,BTCUSD,978.57,978.57,929.9,966.71,1629.33,1558808.1
451,12/31/2016,BTCUSD,966.71,974.55,950,974.55,764.88,735542.53
452,1/1/2017,BTCUSD,974.55,1003.54,965,999.95,1061.14,1052682.94
453,1/2/2017,BTCUSD,999.95,1035.9,995,1020.23,1446.64,1472541.92
454,1/3/2017,BTCUSD,1020.23,1038.26,1014.06,1038,2179,2231435.06
455,1/4/2017,BTCUSD,1038,1155.54,1032.73,1142.15,3318.97,3612399.3
456,1/5/2017,BTCUSD,1142.15,1167.16,879,989.99,6007.34,5971785.19
457,1/6/2017,BTCUSD,989.99,1025.56,879.1,893.49,6506.72,6112552.41
458,1/7/2017,BTCUSD,893.49,908.1,820.99,898.75,2263.37,1969093.18
459,1/8/2017,BTCUSD,898.75,940.1,890,912.99,1555.03,1424914.93
460,1/9/2017,BTCUSD,912.99,913.99,880.5,902.98,3164.74,2833043.55
461,1/10/2017,BTCUSD,902.98,913.99,900.38,907.99,2473.06,2241278.21
462,1/11/2017,BTCUSD,907.99,921.77,760.11,789.31,7171.97,5873948
463,1/12/2017,BTCUSD,789.31,832.15,752,813.02,3914.88,3115110.61
464,1/13/2017,BTCUSD,813.02,833.79,777.91,826.69,4320.73,3505548.9
465,1/14/2017,BTCUSD,826.69,839.78,815,824.65,766.37,633743.52
466,1/15/2017,BTCUSD,824.65,829.58,812,827.56,348.23,285946.45
467,1/16/2017,BTCUSD,827.56,841.28,822.53,835.13,869.74,724199.79
468,1/17/2017,BTCUSD,835.13,910.99,831.82,907.19,3967.7,3517231.08
469,1/18/2017,BTCUSD,907.19,916.89,851.39,878.02,3364.86,2970220.5
470,1/19/2017,BTCUSD,878.02,908.97,878.01,901.75,2843.34,2554131.69
471,1/20/2017,BTCUSD,901.75,906.56,885.01,899.53,3193.55,2868680.69
472,1/21/2017,BTCUSD,899.53,928.97,896.77,923.25,1350.07,1235056.12
473,1/22/2017,BTCUSD,923.25,940.42,895.51,921.82,1302.74,1196674.44
474,1/23/2017,BTCUSD,921.82,928,915.37,923.87,2578,2371902.86
475,1/24/2017,BTCUSD,923.87,925.09,887.29,890.66,3830.88,3457393.83
476,1/25/2017,BTCUSD,890.66,903.02,882.01,894.06,2502.75,2233394.99
477,1/26/2017,BTCUSD,894.06,920.59,893.23,918.42,2109.97,1923339.66
478,1/27/2017,BTCUSD,918.42,924.88,909.97,921.01,2187.5,2013902.61
479,1/28/2017,BTCUSD,921.01,922.99,918.78,921.29,389.64,358903.75
480,1/29/2017,BTCUSD,921.29,922.99,915,916.77,311.58,286509.28
481,1/30/2017,BTCUSD,916.77,923.99,912.01,923.02,1660.4,1529001.87
482,1/31/2017,BTCUSD,923.02,970.04,921.99,967.02,1836.05,1748798.09
483,2/1/2017,BTCUSD,967.02,990,962.35,989.1,2404.69,2346365.67
484,2/2/2017,BTCUSD,989.1,1013.92,977.51,1005.97,3122.29,3117788.13
485,2/3/2017,BTCUSD,1005.97,1024,995.98,1015.09,3865.48,3925432.73
486,2/4/2017,BTCUSD,1015.09,1041.97,1005.01,1032.98,1479.36,1513440.08
487,2/5/2017,BTCUSD,1032.98,1032.99,998.88,1011.9,957.83,972422.38
488,2/6/2017,BTCUSD,1011.9,1028.12,1009.9,1024.99,3594.23,3669393.63
489,2/7/2017,BTCUSD,1024.99,1055,1023.19,1055,3097.4,3241833.55
490,2/8/2017,BTCUSD,1055,1071.3,1023.58,1060.31,3190.49,3358745.58
491,2/9/2017,BTCUSD,1060.31,1079.99,948.22,984.81,7562.58,7468414.6
492,2/10/2017,BTCUSD,984.81,1009.09,955.99,1003.97,2458.81,2412479.88
493,2/11/2017,BTCUSD,1003.97,1020.43,995.62,1015.18,827.38,835008.39
494,2/12/2017,BTCUSD,1015.18,1016.55,1004.43,1008.49,448.89,452863.64
495,2/13/2017,BTCUSD,1008.49,1014.99,990,1000.05,2683.01,2678810.98
496,2/14/2017,BTCUSD,1000.05,1020.01,994.35,1012.65,2125.24,2144390.71
497,2/15/2017,BTCUSD,1012.65,1015.57,1006,1013.67,2614.81,2650538.67
498,2/16/2017,BTCUSD,1013.67,1042.14,1013.54,1034.33,3525.22,3636909.39
499,2/17/2017,BTCUSD,1034.33,1063.99,1034.33,1059.75,2965.85,3128329.79
500,2/18/2017,BTCUSD,1059.75,1069.23,1053.84,1059.84,1652.41,1759408.11
501,2/19/2017,BTCUSD,1059.84,1062.2,1047.35,1054.72,1204.86,1269774.84
502,2/20/2017,BTCUSD,1054.72,1085.13,1048.05,1085.13,2586.44,2747077.53
503,2/21/2017,BTCUSD,1085.13,1134.59,1079.67,1133.68,3831.35,4246258.32
504,2/22/2017,BTCUSD,1133.68,1140,1109.99,1128.54,4097.34,4619409.23
505,2/23/2017,BTCUSD,1128.54,1193.99,1126.13,1181.02,4716.48,5457799.51
506,2/24/2017,BTCUSD,1181.02,1213.39,1107.56,1183.72,8656.16,10200773.8
507,2/25/2017,BTCUSD,1183.72,1186.69,1126.54,1148.77,2471.08,2854606.79
508,2/26/2017,BTCUSD,1148.77,1185.99,1133.33,1182.03,2427.77,2827742.58
509,2/27/2017,BTCUSD,1182.03,1201.03,1172.67,1194.5,3142.83,3737663.34
510,2/28/2017,BTCUSD,1194.5,1214.96,1181.16,1195.2,5476.53,6550162.06
511,3/1/2017,BTCUSD,1195.2,1230,1190.62,1228.9,3481.12,4243681.33
512,3/2/2017,BTCUSD,1228.9,1285.1,1215.36,1260.21,12749.77,16179315.89
513,3/3/2017,BTCUSD,1260.21,1293.35,1258.65,1287.98,15630.95,20087111.3
514,3/4/2017,BTCUSD,1287.98,1287.99,1241.01,1270,1807.76,2288054.09
515,3/5/2017,BTCUSD,1270,1275,1245.21,1273.99,1628.88,2052223.11
516,3/6/2017,BTCUSD,1273.99,1288.98,1273.99,1288.88,3216.29,4124731.86
517,3/7/2017,BTCUSD,1288.88,1288.89,1188.97,1236.29,7207.78,9028123.08
518,3/8/2017,BTCUSD,1236.29,1245.99,1150.01,1151.39,5376.67,6413854.16
519,3/9/2017,BTCUSD,1151.39,1211.82,1135.51,1197.2,2887.38,3399309.59
520,3/10/2017,BTCUSD,1197.2,1325,980.01,1109.29,13988.29,16846615.42
521,3/11/2017,BTCUSD,1109.29,1197.72,1109.03,1182.64,3076.32,3575284.85
522,3/12/2017,BTCUSD,1182.64,1237.68,1176.4,1232.63,1209.49,1471321.75
523,3/13/2017,BTCUSD,1232.63,1250,1215.98,1246.86,2507.49,3100333.54
524,3/14/2017,BTCUSD,1246.86,1258.48,1228.86,1248.2,2235.71,2790544.14
525,3/15/2017,BTCUSD,1248.2,1265,1246,1261.75,2791.19,3498724.4
526,3/16/2017,BTCUSD,1261.75,1263.11,1131.76,1175.29,6008.87,7218977.88
527,3/17/2017,BTCUSD,1175.29,1175.29,1065.92,1070.6,7824.26,8777881.59
528,3/18/2017,BTCUSD,1070.6,1097.68,948.6,965.1,5799.2,5877646.98
529,3/19/2017,BTCUSD,965.1,1060,965.1,1010.63,2224.46,2248709.84
530,3/20/2017,BTCUSD,1010.63,1051.32,1010.01,1041.61,2569.4,2662398.05
531,3/21/2017,BTCUSD,1041.61,1119.4,1041.61,1113.81,5528.76,6064968.61
532,3/22/2017,BTCUSD,1113.81,1114.33,990.1,1037.97,6072.34,6292795.67
533,3/23/2017,BTCUSD,1037.97,1052.82,1017.55,1033,3872.77,4022112.9
534,3/24/2017,BTCUSD,1033,1033.99,925,936.83,5517.71,5393455.73
535,3/25/2017,BTCUSD,936.83,978.6,892.12,966.76,3976.56,3705211.7
536,3/26/2017,BTCUSD,966.76,1000,948.33,967.14,3442.31,3366712.79
537,3/27/2017,BTCUSD,967.14,1046.16,959.88,1045.01,5114.02,5191542.35
538,3/28/2017,BTCUSD,1045.01,1064.98,1019.02,1045.04,6806.16,7097106.21
539,3/29/2017,BTCUSD,1045.04,1055.89,1011,1041.03,5048.64,5237319.77
540,3/30/2017,BTCUSD,1041.03,1049.84,1022.12,1041.75,5146.84,5327151.27
541,3/31/2017,BTCUSD,1041.75,1090.65,1041.7,1084.22,5102,5425230.28
542,4/1/2017,BTCUSD,1084.22,1112.43,1073.68,1089.99,2174.03,2371663.55
543,4/2/2017,BTCUSD,1089.99,1114.15,1081.45,1107.45,1938.65,2131345.59
544,4/3/2017,BTCUSD,1107.45,1161.46,1107.45,1152.94,5394.04,6151840.96
545,4/4/2017,BTCUSD,1152.94,1159.67,1126.8,1149.03,5161.47,5909365.29
546,4/5/2017,BTCUSD,1149.03,1149.03,1115.54,1134.73,4170.76,4712142.03
547,4/6/2017,BTCUSD,1134.73,1207.8,1134.7,1195.77,6208.84,7286599.66
548,4/7/2017,BTCUSD,1195.77,1206,1176.37,1194.67,4176.54,4989277.38
549,4/8/2017,BTCUSD,1194.67,1198,1167,1184.5,1722.06,2043342.16
550,4/9/2017,BTCUSD,1184.5,1217.49,1180.9,1210.08,1953.89,2348907.76
551,4/10/2017,BTCUSD,1210.08,1216.99,1202.8,1210.64,4505.36,5454153.15
552,4/11/2017,BTCUSD,1210.64,1232.62,1200.63,1223.76,4821.97,5860285.54
553,4/12/2017,BTCUSD,1223.76,1226.5,1210.69,1218.12,5563.56,6777571.33
554,4/13/2017,BTCUSD,1218.12,1221.48,1153.36,1177.88,6101.08,7210239.84
555,4/14/2017,BTCUSD,1177.88,1193.08,1170.11,1175.5,5034.67,5947842.56
556,4/15/2017,BTCUSD,1175.5,1194.54,1170,1174.69,1784.53,2111074.36
557,4/16/2017,BTCUSD,1174.69,1183.99,1166.51,1178.01,1184.6,1395055.92
558,4/17/2017,BTCUSD,1178.01,1196.38,1175.06,1193.81,3824.79,4531180.28
559,4/18/2017,BTCUSD,1193.81,1209.27,1193.81,1204,5232.31,6280213.6
560,4/19/2017,BTCUSD,1204,1211.45,1189.18,1211.45,5957.42,7156869.26
561,4/20/2017,BTCUSD,1211.45,1244.73,1210.6,1238.45,5817.59,7140008.98
562,4/21/2017,BTCUSD,1238.45,1256,1237.5,1250,4460.49,5557584.14
563,4/22/2017,BTCUSD,1250,1250,1226,1247.66,1637.49,2036284.75
564,4/23/2017,BTCUSD,1247.66,1250.48,1235.46,1247.83,1514.49,1886267.18
565,4/24/2017,BTCUSD,1247.83,1259.91,1240.21,1255.71,4462.42,5575223.29
566,4/25/2017,BTCUSD,1255.71,1282.87,1253.96,1282.56,4145.89,5270743.84
567,4/26/2017,BTCUSD,1282.56,1314.05,1278.89,1294.91,6360.84,8239433.07
568,4/27/2017,BTCUSD,1294.91,1370,1293.07,1346.04,11591.4,15592322.34
569,4/28/2017,BTCUSD,1346.04,1367.65,1300,1347.19,15562.73,20895489.53
570,4/29/2017,BTCUSD,1347.19,1355.1,1330.9,1351.08,2133.4,2868277.71
571,4/30/2017,BTCUSD,1351.08,1363.84,1325,1362.63,1982.65,2658879.77
572,5/1/2017,BTCUSD,1362.63,1480,1352.8,1440.82,19714.91,28391677.51
573,5/2/2017,BTCUSD,1440.82,1489.61,1421.11,1464.94,6791.27,9877052.25
574,5/3/2017,BTCUSD,1464.94,1535.6,1444.99,1517.95,5684.8,8447912.24
575,5/4/2017,BTCUSD,1517.95,1650,1475.01,1550,9561.6,14883276.29
576,5/5/2017,BTCUSD,1550,1626.73,1521.24,1546.93,7434.68,11662171.4
577,5/6/2017,BTCUSD,1546.93,1585.6,1546.92,1580.99,2347.5,3684798.06
578,5/7/2017,BTCUSD,1580.99,1609,1566.14,1602.17,2752.06,4365686.53
579,5/8/2017,BTCUSD,1602.17,1686.39,1602.17,1686.39,8776.49,14331745.14
580,5/9/2017,BTCUSD,1686.39,1779,1681.93,1719.51,9382.65,16257862.59
581,5/10/2017,BTCUSD,1719.51,1796.01,1698,1793.26,7849.45,13849146.09
582,5/11/2017,BTCUSD,1793.26,1884,1775,1834.1,17803.68,32420035.36
583,5/12/2017,BTCUSD,1834.1,1838.59,1657.86,1694.64,15969.6,28152441.08
584,5/13/2017,BTCUSD,1694.64,1781.71,1602.36,1781.71,6266.37,10714851.12
585,5/14/2017,BTCUSD,1781.71,1817.57,1754.83,1794.01,1660.88,2975269.98
586,5/15/2017,BTCUSD,1794.01,1794.01,1667,1742.67,12693.56,21860802.63
587,5/16/2017,BTCUSD,1742.67,1770,1701.01,1769.71,6480.64,11330852.33
588,5/17/2017,BTCUSD,1769.71,1837.36,1750,1812.57,10046.33,18227098.01
589,5/18/2017,BTCUSD,1812.57,1895.55,1808.15,1895.55,7852.25,14523445.05
590,5/19/2017,BTCUSD,1895.55,1965.23,1894.64,1965.01,7865.64,15189698.86
591,5/20/2017,BTCUSD,1965.01,2045,1965.01,2044.4,5545.09,11082377.36
592,5/21/2017,BTCUSD,2044.4,2089.44,1981.37,2026,3903.06,7956641.27
593,5/22/2017,BTCUSD,2026,2249,1998.5,2101.33,11332.24,23928854.61
594,5/23/2017,BTCUSD,2101.33,2264,2101.33,2261.22,11254.57,24940822.11
595,5/24/2017,BTCUSD,2261.22,2479,2261.22,2436.45,10964.29,26072742
596,5/25/2017,BTCUSD,2436.45,2779,2199.6,2330.84,25383.88,64640506.75
597,5/26/2017,BTCUSD,2330.84,2628.71,2055.55,2267.37,17459.69,41282802.1
598,5/27/2017,BTCUSD,2267.37,2342.1,1910.55,2096.77,10130.14,21322187.03
599,5/28/2017,BTCUSD,2096.77,2323.99,2095.61,2230.77,4915.8,10885221.21
600,5/29/2017,BTCUSD,2230.77,2340.1,2150,2284.3,6429.74,14604821.77
601,5/30/2017,BTCUSD,2284.3,2324.27,2151.21,2197.33,14157.48,31837094.78
602,5/31/2017,BTCUSD,2197.33,2325.89,2179.98,2303.62,14248.18,32014961.91
603,6/1/2017,BTCUSD,2303.62,2459,2300,2412.34,11493.71,27291433.44
604,6/2/2017,BTCUSD,2412.34,2484.04,2375,2484.04,8743.25,21120497.79
605,6/3/2017,BTCUSD,2484.04,2589.69,2461.36,2554.91,4101.37,10395286.16
606,6/4/2017,BTCUSD,2554.91,2566.26,2483.03,2520.05,3719.02,9387640.6
607,6/5/2017,BTCUSD,2520.05,2700.2,2520.04,2689.43,5934.04,15478385.54
608,6/6/2017,BTCUSD,2689.43,2924,2689.4,2880.23,12177.9,34291677.47
609,6/7/2017,BTCUSD,2880.23,2884.98,2618.28,2690,8627.96,24000641.7
610,6/8/2017,BTCUSD,2690,2815.39,2610.67,2800,10231.79,28122808.38
611,6/9/2017,BTCUSD,2800,2854.12,2794.31,2807.01,7035.2,19832299.67
612,6/10/2017,BTCUSD,2807.01,2903.96,2803,2903.77,5968.37,17018471.33
613,6/11/2017,BTCUSD,2903.77,2960,2859.76,2960,4092.99,11917922.32
614,6/12/2017,BTCUSD,2960,2975,2470,2656.3,19056.61,50503982.61
615,6/13/2017,BTCUSD,2656.3,2772.03,2647.56,2715.86,12222.35,32989227.35
616,6/14/2017,BTCUSD,2715.86,2800,2341.2,2459.56,14483.01,37437465.61
617,6/15/2017,BTCUSD,2459.56,2510.38,2059.41,2416.16,22303.92,51364962.96
618,6/16/2017,BTCUSD,2416.16,2508.23,2310.81,2484.64,9859.92,24102323.69
619,6/17/2017,BTCUSD,2484.64,2664.89,2430.32,2638.24,4953.89,12714753.6
620,6/18/2017,BTCUSD,2638.24,2663.66,2458.59,2519.87,5487.04,14010760.71
621,6/19/2017,BTCUSD,2519.87,2594.99,2491.12,2594.99,6321.09,16129629.04
622,6/20/2017,BTCUSD,2594.99,2786,2589.67,2734.14,7802.06,21003970.54
623,6/21/2017,BTCUSD,2734.14,2769.99,2586.27,2645.1,11073.04,29746424.6
624,6/22/2017,BTCUSD,2645.1,2726.96,2595,2689.58,8141.15,21714756.1
625,6/23/2017,BTCUSD,2689.58,2729.34,2672.24,2684.63,5613.06,15185666.79
626,6/24/2017,BTCUSD,2684.63,2710.51,2510.01,2572.96,4988.23,13104724.93
627,6/25/2017,BTCUSD,2572.96,2636.55,2429.42,2497.6,6128.04,15611580.85
628,6/26/2017,BTCUSD,2497.6,2549.72,2275.27,2415.62,14723.23,35653110.77
629,6/27/2017,BTCUSD,2415.62,2573.77,2269.46,2573.77,18608.2,44650715.94
630,6/28/2017,BTCUSD,2573.77,2596.26,2466.62,2554.97,12428.47,31577678.34
631,6/29/2017,BTCUSD,2554.97,2589.51,2503.01,2549.89,7972.64,20365455.05
632,6/30/2017,BTCUSD,2549.89,2549.9,2441.14,2456.01,8660.14,21711417.43
633,7/1/2017,BTCUSD,2456.01,2500,2385,2416.12,5227,12731882.83
634,7/2/2017,BTCUSD,2416.12,2541.87,2375.03,2507.84,5574.46,13662752.15
635,7/3/2017,BTCUSD,2507.84,2584,2477.13,2540.94,6289.94,15926572.65
636,7/4/2017,BTCUSD,2540.94,2631.32,2540.93,2606.64,4419.68,11447348.29
637,7/5/2017,BTCUSD,2606.64,2650,2550.01,2625.06,19342.33,50208008.09
638,7/6/2017,BTCUSD,2625.06,2645.54,2579.79,2605.53,8435.75,21944313.06
639,7/7/2017,BTCUSD,2605.53,2609.87,2457.12,2493.79,13327.76,33627161.37
640,7/8/2017,BTCUSD,2493.79,2550.1,2461.46,2547.77,5463.92,13677738.07
641,7/9/2017,BTCUSD,2547.77,2572.31,2501.02,2501.02,5918.74,15047582.46
642,7/10/2017,BTCUSD,2501.02,2520.1,2252.57,2329.4,16472.85,39663519.21
643,7/11/2017,BTCUSD,2329.4,2400,2251.07,2305.05,16399.92,38322164.51
644,7/12/2017,BTCUSD,2305.05,2401.4,2242.87,2383.82,13488.98,31621874.09
645,7/13/2017,BTCUSD,2383.82,2420,2315.61,2343.48,11854.39,27975709.78
646,7/14/2017,BTCUSD,2343.48,2352.67,2142.22,2213.01,13645.67,30558401.57
647,7/15/2017,BTCUSD,2213.01,2218.52,1965.13,1967.34,14804.13,30554833.34
648,7/16/2017,BTCUSD,1967.34,2039,1800,1904,13823.39,26431755.87
649,7/17/2017,BTCUSD,1904,2229.07,1897.35,2229.07,18163.01,37714588.91
650,7/18/2017,BTCUSD,2229.07,2389.99,2145.65,2304.36,27980.12,64219054.72
651,7/19/2017,BTCUSD,2304.36,2404.01,2222.88,2264.29,21093.74,48678226.58
652,7/20/2017,BTCUSD,2264.29,2950.47,2264.28,2889.98,49229.15,129039295
653,7/21/2017,BTCUSD,2889.98,2910,2609.89,2661.99,19174.24,52681625.31
654,7/22/2017,BTCUSD,2661.99,2872.86,2650.01,2838.07,8416.24,23474021.72
655,7/23/2017,BTCUSD,2838.07,2849.99,2668.05,2761.45,9717,26910949.71
656,7/24/2017,BTCUSD,2761.45,2795,2715.2,2758.5,9193.13,25261098.79
657,7/25/2017,BTCUSD,2758.5,2772.99,2450,2558.27,22993.17,59204763.6
658,7/26/2017,BTCUSD,2558.27,2599.99,2401.01,2524.52,14675.09,36524447.82
659,7/27/2017,BTCUSD,2524.52,2687.15,2514.15,2662.99,10307.23,26655123.45
660,7/28/2017,BTCUSD,2662.99,2821.55,2652.21,2786.19,12193.38,33527884.94
661,7/29/2017,BTCUSD,2786.19,2788.9,2648.75,2706.14,7753.55,21049297.78
662,7/30/2017,BTCUSD,2706.14,2749.99,2600,2749.99,5230.52,14086858.98
663,7/31/2017,BTCUSD,2749.99,2960,2703.15,2871.27,7849.75,21992989.58
664,8/1/2017,BTCUSD,2871.27,2924.22,2641.42,2730,7575.09,20896983.29
665,8/2/2017,BTCUSD,2730,2753.87,2650,2703.44,7993.92,21574784.16
666,8/3/2017,BTCUSD,2703.44,2795.67,2703.44,2783.43,9804.05,27046479.23
667,8/4/2017,BTCUSD,2783.43,2870.91,2760.68,2844.99,7120.88,20199510.75
668,8/5/2017,BTCUSD,2844.99,3332.09,2840.16,3252.34,14597.47,45917293.18
669,8/6/2017,BTCUSD,3252.34,3279.63,3147,3218.74,6757.62,21768273.58
670,8/7/2017,BTCUSD,3218.74,3410.97,3180.15,3391.48,9480.84,31485789.1
671,8/8/2017,BTCUSD,3391.48,3483.39,3345.97,3421.11,11636.03,39753753.69
672,8/9/2017,BTCUSD,3421.11,3425.31,3237.14,3348.99,10679.54,35580943.76
673,8/10/2017,BTCUSD,3348.99,3441.17,3318.16,3421.45,8117.77,27627933.93
674,8/11/2017,BTCUSD,3421.45,3705.16,3420.29,3639.99,10646.1,37685761.47
675,8/12/2017,BTCUSD,3639.99,3972.53,3594.31,3863.3,13722.84,51835081.35
676,8/13/2017,BTCUSD,3863.3,4174.48,3843.72,4046.34,14120.46,56816704.32
677,8/14/2017,BTCUSD,4046.34,4325,3961.65,4318.3,17144.48,72021231.87
678,8/15/2017,BTCUSD,4318.3,4436.01,3821.85,4154.84,22864.64,94144558.5
679,8/16/2017,BTCUSD,4154.84,4364.05,3935.01,4322.44,9478.98,39103029.46
680,8/17/2017,BTCUSD,4322.44,4474,4226.99,4284.45,11985.94,52171030.95
681,8/18/2017,BTCUSD,4284.45,4355,3971.01,4102.48,13305.95,55591110.6
682,8/19/2017,BTCUSD,4102.48,4184.8,3985,4145.11,9563.1,39073968.1
683,8/20/2017,BTCUSD,4145.11,4168.88,4010.8,4049.98,9480.97,38733839.15
684,8/21/2017,BTCUSD,4049.98,4073.73,3943.44,3993.87,16390.54,65626674.79
685,8/22/2017,BTCUSD,3993.87,4140.05,3600.01,4093.28,17464.11,68475115.16
686,8/23/2017,BTCUSD,4093.28,4250.02,4066.23,4147.1,9973.65,41442542.03
687,8/24/2017,BTCUSD,4147.1,4350,4108.82,4313.21,8727.49,36738021.86
688,8/25/2017,BTCUSD,4313.21,4480.01,4284.83,4371.25,9363.46,40887057.71
689,8/26/2017,BTCUSD,4371.25,4371.25,4371.25,4371.25,0,0
690,8/27/2017,BTCUSD,4371.25,4371.26,4321.86,4340.88,4077.07,17724588.51
691,8/28/2017,BTCUSD,4340.88,4400,4202.48,4379.96,8832.05,38084155.2
692,8/29/2017,BTCUSD,4379.96,4705.07,4345.13,4589.99,10485.82,47403678.71
693,8/30/2017,BTCUSD,4589.99,4641.43,4495.05,4583.85,9151.09,41797324.39
694,8/31/2017,BTCUSD,4583.85,4762.76,4579.91,4736.28,7396.01,34644172.58
695,9/1/2017,BTCUSD,4736.28,4924,4709.28,4924,8173.61,39489710.93
696,9/2/2017,BTCUSD,4924,4985,4505,4642.85,13482.98,63608581.17
697,9/3/2017,BTCUSD,4642.85,4740.41,4460.05,4607.47,9618.61,44313445.69
698,9/4/2017,BTCUSD,4607.47,4614.36,4100,4278.86,14221.8,61338241.83
699,9/5/2017,BTCUSD,4278.86,4494.6,4012.02,4393,14333.1,61738092.1
700,9/6/2017,BTCUSD,4393,4645,4380.78,4609.17,9981.06,45222315.64
701,9/7/2017,BTCUSD,4609.17,4665.23,4484.68,4623.19,5900.73,27021543.43
702,9/8/2017,BTCUSD,4623.19,4669.98,4000,4346.24,14814.56,64259227.44
703,9/9/2017,BTCUSD,4346.24,4405,4182.16,4325.17,5908.35,25492488.55
704,9/10/2017,BTCUSD,4325.17,4329.97,4083.55,4243.48,7200.1,30296416.88
705,9/11/2017,BTCUSD,4243.48,4370.28,4110.48,4209.69,9638.9,40567670.82
706,9/12/2017,BTCUSD,4209.69,4372.05,4070.01,4155.55,7698.41,32452537.09
707,9/13/2017,BTCUSD,4155.55,4173.78,3743.75,3855.01,16477.52,64469196.94
708,9/14/2017,BTCUSD,3855.01,3920.2,3219.89,3242.63,24715.98,86739154.17
709,9/15/2017,BTCUSD,3242.63,3839.19,2955.01,3709.85,35731.97,120712069.8
710,9/16/2017,BTCUSD,3709.85,3854.7,3580.01,3715.38,5582.44,20638634.34
711,9/17/2017,BTCUSD,3715.38,3825.54,3505.94,3716.46,3911.3,14409256.89
712,9/18/2017,BTCUSD,3716.46,4115.93,3716.45,4098.03,10652.72,42385452.7
713,9/19/2017,BTCUSD,4098.03,4117.03,3850,3903.4,9550.52,37798595.88
714,9/20/2017,BTCUSD,3903.4,4034.99,3828.93,3866,6216.14,24528663.28
715,9/21/2017,BTCUSD,3866,3899.86,3573,3616.74,9864.82,36923731.1
716,9/22/2017,BTCUSD,3616.74,3758.12,3510.84,3620.96,5845.57,21133557.67
717,9/23/2017,BTCUSD,3620.96,3812.88,3562.8,3783.6,3322.74,12349932.51
718,9/24/2017,BTCUSD,3783.6,3783.61,3619.76,3667.99,1995.41,7381293.13
719,9/25/2017,BTCUSD,3667.99,3956.86,3665.98,3916.48,6413.48,24626181.61
720,9/26/2017,BTCUSD,3916.48,3958.06,3852.61,3885.14,4585.89,17957210.31
721,9/27/2017,BTCUSD,3885.14,4225,3876.01,4204.51,8659.89,35090663.42
722,9/28/2017,BTCUSD,4204.51,4281.6,3336.67,4188,9122.99,37892835.21
723,9/29/2017,BTCUSD,4188,4209.85,4020,4182.9,6190.42,25539861.98
724,9/30/2017,BTCUSD,4182.89,4339.99,4182.89,4327.63,2981.13,12765562.28
725,10/1/2017,BTCUSD,4327.63,4399,4250,4388.74,2672.27,11527231.02
726,10/2/2017,BTCUSD,4388.74,4457.01,4361,4385.7,5714.47,25174900.61
727,10/3/2017,BTCUSD,4385.7,4417.98,4104.51,4300,5092.08,21933517.41
728,10/4/2017,BTCUSD,4300,4339.98,4175,4214.25,4624.12,19650002.47
729,10/5/2017,BTCUSD,4214.25,4360.38,4145,4318.57,4053.29,17314733.59
730,10/6/2017,BTCUSD,4318.57,4410.26,4300,4362.42,5189.86,22626193.68
731,10/7/2017,BTCUSD,4362.42,4448,4320.01,4425.01,1828.99,8000413.89
732,10/8/2017,BTCUSD,4425.01,4609,4412.42,4602.5,3207.02,14462969.41
733,10/9/2017,BTCUSD,4602.5,4875,4550,4751.08,7416.65,34797102.65
734,10/10/2017,BTCUSD,4751.08,4919.01,4712.11,4756.22,4033.6,19398039.87
735,10/11/2017,BTCUSD,4756.22,4864.67,4720,4813.85,7341.19,35219675.44
736,10/12/2017,BTCUSD,4813.85,5437.69,4811.06,5437.68,13090.34,67814428.51
737,10/13/2017,BTCUSD,5437.68,5868.78,5390.93,5636.28,15361.37,86512838.45
738,10/14/2017,BTCUSD,5636.28,5800,5555.89,5799.99,3622.56,20633868.18
739,10/15/2017,BTCUSD,5799.99,5833.72,5450,5694.61,7194.68,40519793.12
740,10/16/2017,BTCUSD,5694.61,5778.35,5575,5748.56,4852.5,27615319.02
741,10/17/2017,BTCUSD,5748.56,5769.99,5513.45,5592.26,5442.35,30564045.49
742,10/18/2017,BTCUSD,5592.26,5604.05,5082.24,5569.33,10300.66,55159334.12
743,10/19/2017,BTCUSD,5569.33,5745.03,5512.9,5695.01,6813.19,38469075.03
744,10/20/2017,BTCUSD,5695.01,6050,5615,5984.03,11271.87,66012207.94
745,10/21/2017,BTCUSD,5984.03,6178.79,5900.01,6012.58,6020.94,36519787.16
746,10/22/2017,BTCUSD,6012.58,6069.67,5750,5974.97,5172.73,30502617.88
747,10/23/2017,BTCUSD,5974.97,6060.28,5625.31,5899.6,9049.98,52981345.66
748,10/24/2017,BTCUSD,5899.6,5903,5464,5517.21,9343.12,52870248.67
749,10/25/2017,BTCUSD,5517.21,5750.97,5375,5741.66,7413.65,40991869.5
750,10/26/2017,BTCUSD,5741.66,5992.51,5692,5889.42,5548.96,32458083.18
751,10/27/2017,BTCUSD,5889.42,5992.01,5703.08,5765.32,5054.53,29347679.18
752,10/28/2017,BTCUSD,5765.32,5884.97,5660.79,5730.01,2566.11,14759022.39
753,10/29/2017,BTCUSD,5730.01,6295.03,5699.33,6132.76,6634.81,40036625.76
754,10/30/2017,BTCUSD,6132.76,6204.6,6025.25,6124.69,4699.96,28772477.08
755,10/31/2017,BTCUSD,6124.69,6467.32,6097.8,6448.36,6053.92,38278978.63
756,11/1/2017,BTCUSD,6448.36,6750,6365,6741.02,8002.13,52360522.53
757,11/2/2017,BTCUSD,6741.02,7336,6730,7037.48,14647.22,102052501.3
758,11/3/2017,BTCUSD,7037.48,7448.78,6952.59,7177.28,8643.78,62637881.34
759,11/4/2017,BTCUSD,7177.28,7511.34,7099.01,7371.55,3565.8,26126178.52
760,11/5/2017,BTCUSD,7371.55,7589.79,7300,7394.44,5159.11,38544604.88
761,11/6/2017,BTCUSD,7394.44,7410,6947.63,6975.01,7809.3,55914080.82
762,11/7/2017,BTCUSD,6975.01,7234.68,6975,7109.7,5242.72,37184640.01
763,11/8/2017,BTCUSD,7109.7,7950.03,7050.11,7465.53,14651.14,109081947.8
764,11/9/2017,BTCUSD,7465.53,7478.57,7101.02,7151.49,7643.88,55388780.66
765,11/10/2017,BTCUSD,7151.49,7335.05,6420,6585.11,16339.57,110697130.6
766,11/11/2017,BTCUSD,6585.11,6850,6184.63,6340,10387.26,67052124.17
767,11/12/2017,BTCUSD,6340,6500,5450,5849.37,23486.83,141026382.8
768,11/13/2017,BTCUSD,5849.37,6804.87,5800,6550.76,16854.74,107588331.7
769,11/14/2017,BTCUSD,6550.76,6761.59,6479.93,6606.75,7781.81,51440654.31
770,11/15/2017,BTCUSD,6606.75,7367.94,6606.75,7286.93,9254.49,65166171.59
771,11/16/2017,BTCUSD,7286.93,7990,7131.5,7852.44,7868,59742305.56
772,11/17/2017,BTCUSD,7852.44,7993,7550,7677.17,6185.57,48368250.17
773,11/18/2017,BTCUSD,7677.17,7862.62,7450,7776.54,4013.65,30747193.22
774,11/19/2017,BTCUSD,7776.54,8099,7668.06,8046.98,3475.29,27545013.19
775,11/20/2017,BTCUSD,8046.98,8314.95,7920,8246.01,6511.46,53305336.97
776,11/21/2017,BTCUSD,8246.01,8360.01,7790,8120.36,8571.64,69479610.34
777,11/22/2017,BTCUSD,8120.36,8304.98,8100,8240.82,3308.13,27112646.84
778,11/23/2017,BTCUSD,8240.82,8279.45,8009.88,8009.88,3457.32,28235152.12
779,11/24/2017,BTCUSD,8009.88,8340.02,7900,8209.88,4769.25,39021234.22
780,11/25/2017,BTCUSD,8209.88,8788.5,8152.01,8779.62,5087.06,43248410.78
781,11/26/2017,BTCUSD,8779.62,9475,8732.66,9304.19,8532.88,77276520.64
782,11/27/2017,BTCUSD,9304.19,9769.47,9300,9763.44,8081.48,77581809.69
783,11/28/2017,BTCUSD,9763.44,9987,9649,9941.7,7940.25,78367083.22
784,11/29/2017,BTCUSD,9941.7,11454,9500,9827.29,17642.01,184437015.9
785,11/30/2017,BTCUSD,9827.29,10900,8975,9934.4,23193.03,227879938.7
786,12/1/2017,BTCUSD,9934.4,10970,9360.01,10910.18,12477.5,128347093.8
787,12/2/2017,BTCUSD,10910.18,11200,10700,10888.01,6316.96,69145415.16
788,12/3/2017,BTCUSD,10888.01,11870,10500.17,11231.21,9362.28,105713191.7
789,12/4/2017,BTCUSD,11231.21,11681,10850,11668.84,7425.17,84290521.96
790,12/5/2017,BTCUSD,11668.84,11900,11489.92,11711.2,7153.47,83791780.96
791,12/6/2017,BTCUSD,11711.2,13924.98,11711.19,13725.53,17496.71,223456763.2
792,12/7/2017,BTCUSD,13725.53,17050,13400.01,17050,25215.63,379296115
793,12/8/2017,BTCUSD,17050,17712.65,14000,16250,22184.59,351152416.3
794,12/9/2017,BTCUSD,16250,16500.98,14899.99,15041,8109.34,125998456.5
795,12/10/2017,BTCUSD,15041,16120,13141.5,15268.98,15077.35,221306968.6
796,12/11/2017,BTCUSD,15268.98,17488,15223.1,16800.19,11136.82,185348148
797,12/12/2017,BTCUSD,16800.19,17613,16347.71,17382.19,9067.07,154830186.7
798,12/13/2017,BTCUSD,17382.19,17582.15,15902,16460.9,11607.36,195771736.5
799,12/14/2017,BTCUSD,16460.9,17150,16135.18,16678.79,8702.84,144057342.2
800,12/15/2017,BTCUSD,16678.79,17920,16655.12,17744.5,8311.75,145441853.7
801,12/16/2017,BTCUSD,17744.5,19739,17713.87,19499.99,5081.35,95278934.42
802,12/17/2017,BTCUSD,19499.99,19999,18870,19260.5,5561.4,107762059.2
803,12/18/2017,BTCUSD,19260.5,19315.01,18125.45,18981.88,8257.89,154530092.5
804,12/19/2017,BTCUSD,18981.88,19050,16750,17640.01,12441.6,223708682.3
805,12/20/2017,BTCUSD,17640.01,17881.37,15600,16596.09,17000.4,282413333.1
806,12/21/2017,BTCUSD,16596.09,17375.2,15044.7,15797.49,12169.67,194996102
807,12/22/2017,BTCUSD,15797.49,15947.97,10611,14000,41616.75,560653861.7
808,12/23/2017,BTCUSD,14000,15894,13701,15002.72,7712.57,115094888.1
809,12/24/2017,BTCUSD,15002.72,15500,12600,14100.01,10661.62,145491337
810,12/25/2017,BTCUSD,14100.01,14698.99,13317,13986.68,5365.06,75234933.07
811,12/26/2017,BTCUSD,13986.68,16150,13921,15830.86,7183.7,110604193.3
812,12/27/2017,BTCUSD,15830.86,16500,14521,15418.95,9255.82,143145845.9
813,12/28/2017,BTCUSD,15418.95,15499.99,13514.81,14488.61,11001.12,156554167
814,12/29/2017,BTCUSD,14488.61,15115.1,13949.5,14574.99,6391.62,92789943.92
815,12/30/2017,BTCUSD,14574.99,14607.77,12481.44,12675.68,8734.65,115811566.9
816,12/31/2017,BTCUSD,12675.68,14191.2,12511,13820.26,8176.38,108241376.6
817,1/1/2018,BTCUSD,13820.26,13824.23,12800,13338.41,4575.01,60856282.93
818,1/2/2018,BTCUSD,13338.41,15249.97,12851,14740.09,8822.9,124203791.3
819,1/3/2018,BTCUSD,14740.09,15400,14583.47,15148.92,8551.32,127985170.2
820,1/4/2018,BTCUSD,15148.92,15503.59,14000,15199.99,12450.53,184306290.7
821,1/5/2018,BTCUSD,15199.99,17124.44,14800,16945.5,11519.64,184239283.3
822,1/6/2018,BTCUSD,16945.5,17236.46,16298.31,17175,5294.46,88436511.04
823,1/7/2018,BTCUSD,17175,17175.01,15741.08,16150.15,5625.07,92772910.39
824,1/8/2018,BTCUSD,16150.15,16250,13825.22,14980.01,12623.87,190764811.7
825,1/9/2018,BTCUSD,14980.01,15419.24,14161.55,14477.55,7721.18,114072096.1
826,1/10/2018,BTCUSD,14477.55,14933.42,13500,14929.39,9009.1,127693435.2
827,1/11/2018,BTCUSD,14929.39,14970,12810,13301.77,10854.39,147562255.6
828,1/12/2018,BTCUSD,13301.77,14106,12900,13815.26,8668.84,118064269.5
829,1/13/2018,BTCUSD,13815.26,14550,13803.8,14174.38,4901.76,69653074.46
830,1/14/2018,BTCUSD,14174.38,14310,13100,13626.27,3985.27,54199076.03
831,1/15/2018,BTCUSD,13626.27,14283.26,13400,13597.6,4552.77,62791167.64
832,1/16/2018,BTCUSD,13597.6,13601.25,10001,11399.01,20640.71,242184935.9
833,1/17/2018,BTCUSD,11399.01,11850,9125,11240.19,24459.65,258538366.3
834,1/18/2018,BTCUSD,11240.19,12110,10677.33,11298,16661.99,191729689
835,1/19/2018,BTCUSD,11298,12018.39,11048.66,11535.56,9545.86,109669984.7
836,1/20/2018,BTCUSD,11535.56,12999,11528.68,12744.98,6862.82,85011809.92
837,1/21/2018,BTCUSD,12744.98,12774.17,11112,11501,5898.27,69104786.19
838,1/22/2018,BTCUSD,11501,11865,10026.03,10780,11158.71,120643064.7
839,1/23/2018,BTCUSD,10780,11372.51,9940,10820.81,10779.7,115208955.5
840,1/24/2018,BTCUSD,10820.81,11480.01,10500,11346.58,8410.16,92514894.51
841,1/25/2018,BTCUSD,11346.58,11693.7,10805.56,11114,6974.39,78666560.11
842,1/26/2018,BTCUSD,11114,11600,10300,11091.99,9023.48,98917678.69
843,1/27/2018,BTCUSD,11091.99,11535,10821.76,11372.85,4717.82,52981583.96
844,1/28/2018,BTCUSD,11372.85,11878.1,11312.2,11633.11,4203.83,48573754.38
845,1/29/2018,BTCUSD,11633.11,11698,10900,11130.34,5693.42,63639125.48
846,1/30/2018,BTCUSD,11130.34,11168.7,9734.63,10007.42,11594.08,120154143.9
847,1/31/2018,BTCUSD,10007.42,10299.99,9555,10112.6,9378.99,93072172.84
848,2/1/2018,BTCUSD,10112.6,10164.68,8411.11,9000.73,17746.53,162257631.6
849,2/2/2018,BTCUSD,9000.73,9090,7603,8845.07,21886.74,185823833.1
850,2/3/2018,BTCUSD,8845.07,9494.86,8123.62,9221.14,7572,66978512.91
851,2/4/2018,BTCUSD,9221.14,9353.45,7847.39,8162.94,8182.52,68994814.69
852,2/5/2018,BTCUSD,8162.94,8334,6500,6892.67,22800.02,166315391.2
853,2/6/2018,BTCUSD,6892.67,7944,5931.34,7682.75,29967.25,202478482.7
854,2/7/2018,BTCUSD,7682.75,8589,7200,7582.76,15859,125575748.8
855,2/8/2018,BTCUSD,7582.76,8638.99,7556,8200,12127.69,99256298.44
856,2/9/2018,BTCUSD,8200,8728.53,7750,8697.78,9425.92,77002096.64
857,2/10/2018,BTCUSD,8697.78,9069,8146.78,8553.5,6004.8,51732287.49
858,2/11/2018,BTCUSD,8553.5,8576.42,7824.48,8073.9,5306.74,43469260.55
859,2/12/2018,BTCUSD,8073.9,8985,8070.68,8900,5466.43,47208118.55
860,2/13/2018,BTCUSD,8900,8940,8379,8519.07,4953.3,42654131.94
861,2/14/2018,BTCUSD,8519.07,9510,8519.07,9480.27,8789.94,80166786.59
862,2/15/2018,BTCUSD,9480.27,10259.29,9353,10017.18,8989.83,88764794.27
863,2/16/2018,BTCUSD,10017.18,10307.6,9710,10183.63,5439.6,54605905.83
864,2/17/2018,BTCUSD,10183.63,11140.45,10039.73,11100,4311.47,45959466.87
865,2/18/2018,BTCUSD,11100,11270,10150,10403.01,6902.75,74029051.97
866,2/19/2018,BTCUSD,10403.01,11250,10315,11166.92,3764.29,40969900.17
867,2/20/2018,BTCUSD,11166.92,11750,11084.99,11206.22,6641.33,76268926.96
868,2/21/2018,BTCUSD,11206.22,11282.53,10248,10475,11441.35,122866113.7
869,2/22/2018,BTCUSD,10475,10939.9,9740,9829.96,10771.54,109881832
870,2/23/2018,BTCUSD,9829.96,10400,9595,10161.62,6470.6,64650739.27
871,2/24/2018,BTCUSD,10161.62,10534.77,9388.97,9697.21,5375.32,53590192.23
872,2/25/2018,BTCUSD,9697.21,9870,9290,9595,3491.7,33472164.84
873,2/26/2018,BTCUSD,9595,10433.88,9399,10300,5550.37,55993158.68
874,2/27/2018,BTCUSD,10300,10850,10117,10562.46,5538.64,58574042.36
875,2/28/2018,BTCUSD,10562.46,11050,10260.85,10296.86,6013.76,63890938.06
876,3/1/2018,BTCUSD,10296.86,11100,10200,10900.95,5125.81,54839997.42
877,3/2/2018,BTCUSD,10900.95,11200,10779.44,11027.77,4046.9,44474264.7
878,3/3/2018,BTCUSD,11027.77,11484.98,11026.91,11433.72,1842.01,20876860.93
879,3/4/2018,BTCUSD,11433.72,11500,11060.01,11467.19,1874.53,21117794.79
880,3/5/2018,BTCUSD,11467.19,11650.01,11400,11400.01,2939.43,33912541.93
881,3/6/2018,BTCUSD,11400.01,11401.64,10563.93,10696.87,5128.2,56123956.6
882,3/7/2018,BTCUSD,10696.87,10898.99,9375,9884.26,10297.81,103482427.2
883,3/8/2018,BTCUSD,9884.26,10100,9050,9295.77,8774.36,83652551.76
884,3/9/2018,BTCUSD,9295.77,9409.21,8370,9257,11095.65,98510525.38
885,3/10/2018,BTCUSD,9257,9515.21,8731,8769.2,4581.91,42340279.46
886,3/11/2018,BTCUSD,8769.2,9772.42,8544.95,9530.94,4575.06,42306636.51
887,3/12/2018,BTCUSD,9530.94,9898,8760,9105,7429.99,69137084.58
888,3/13/2018,BTCUSD,9105,9500,8850,9146.18,6443.94,58856352.69
889,3/14/2018,BTCUSD,9146.18,9366.16,7932.65,8198.82,9260.37,79124355.48
890,3/15/2018,BTCUSD,8198.82,8416.92,7675.35,8266.99,10294.58,82957878.18
891,3/16/2018,BTCUSD,8266.99,8607.11,7900.01,8265.81,6576.73,54696030.34
892,3/17/2018,BTCUSD,8265.81,8350,7737.49,7870.99,4357.88,35033565.68
893,3/18/2018,BTCUSD,7870.99,8297,7319,8197.29,9669.52,74104522.09
894,3/19/2018,BTCUSD,8197.29,8744.68,8119.7,8599.01,8472.64,71070074.08
895,3/20/2018,BTCUSD,8599.01,9037,8327.35,8904.23,7272.77,63129514.46
896,3/21/2018,BTCUSD,8904.23,9180,8755,8902.53,6594.03,59212481.78
897,3/22/2018,BTCUSD,8902.53,9100,8494.62,8710.44,6485.99,56753217.52
898,3/23/2018,BTCUSD,8710.44,8925.01,8288.01,8925,6207.75,52936947.26
899,3/24/2018,BTCUSD,8925,9000,8500,8540.33,3002.8,26488822.66
900,3/25/2018,BTCUSD,8540.33,8687.3,8375.5,8457.04,3802.87,32383644.87
901,3/26/2018,BTCUSD,8457.04,8495.73,7827.95,8149.46,6902.21,56193530.15
902,3/27/2018,BTCUSD,8149.46,8221.79,7753,7794.46,6505.42,51702143.63
903,3/28/2018,BTCUSD,7794.46,8095,7749.53,7941.87,5099.35,40255451.21
904,3/29/2018,BTCUSD,7941.87,7965,6903,7086.6,12113.05,90220518.11
905,3/30/2018,BTCUSD,7086.6,7271.9,6600,6838.71,11373.39,77813320.93
906,3/31/2018,BTCUSD,6838.71,7242.47,6788.51,6920.5,4842.85,33961333.43
907,4/1/2018,BTCUSD,6920.5,7043.5,6442.49,6811.02,5962.82,40038020.94
908,4/2/2018,BTCUSD,6811.02,7113.01,6766.84,7049.99,5330.83,37254176.59
909,4/3/2018,BTCUSD,7049.99,7500,7016.87,7418.53,7164.62,52515668.76
910,4/4/2018,BTCUSD,7418.53,7421.08,6707.5,6794.31,6865.47,48325954.25
911,4/5/2018,BTCUSD,6794.31,6923.01,6574.3,6777,7331.11,49348791.2
912,4/6/2018,BTCUSD,6777,6848,6512.79,6564.06,5906.65,39214142.92
913,4/7/2018,BTCUSD,6592.94,7069.18,6592.94,6895.99,2337.59,16178550.92
914,4/8/2018,BTCUSD,6895.99,7100,6889.5,7022.72,2494.65,17460763.19
915,4/9/2018,BTCUSD,7022.72,7176.99,6612.35,6771.01,4793.44,32762618.08
916,4/10/2018,BTCUSD,6771.01,6876.33,6651.12,6830.68,2802.32,19003389.65
917,4/11/2018,BTCUSD,6830.68,6966.84,6801.68,6939.43,2866.25,19778338.85
918,4/12/2018,BTCUSD,6939.43,8076.83,6766.18,7920.39,9957.83,74604260
919,4/13/2018,BTCUSD,7920.39,8223.58,7732.43,7875.94,7669.83,61464491.31
920,4/14/2018,BTCUSD,7875.94,8175.86,7820.67,7998.07,2126.88,17016841.31
921,4/15/2018,BTCUSD,7998.07,8413.43,7998.07,8357.43,2302.77,18994463.65
922,4/16/2018,BTCUSD,8357.43,8415,7900,8052.27,4734.74,38358033.46
923,4/17/2018,BTCUSD,8052.27,8165.07,7820.01,7894,3078.54,24605816.51
924,4/18/2018,BTCUSD,7894,8227.32,7880,8167,3126.42,25187382.64
925,4/19/2018,BTCUSD,8167,8295.73,8090,8269.3,2787.59,22906354.94
926,4/20/2018,BTCUSD,8269.3,8932.16,8215,8855.49,4993.68,42325280.82
927,4/21/2018,BTCUSD,8847.07,9038,8602.08,8920,3399.01,29918579.76
928,4/22/2018,BTCUSD,8920,9017,8755,8800,1495.86,13291042.32
929,4/23/2018,BTCUSD,8800,8990,8775,8933,2063.51,18341146.23
930,4/24/2018,BTCUSD,8933,9740.97,8925,9649.99,5164.9,48118391.2
931,4/25/2018,BTCUSD,9649.99,9762.75,8755,8865.01,7596.44,70250882.6
932,4/26/2018,BTCUSD,8865.01,9315.24,8660,9281.95,4477.06,39771333.27
933,4/27/2018,BTCUSD,9281.95,9368,8901.27,8926,3278.8,30172815.57
934,4/28/2018,BTCUSD,8926,9422.29,8880.01,9343.83,2547.12,23518680.1
935,4/29/2018,BTCUSD,9343.83,9522.12,9176.76,9393.29,2040.44,19158173.04
936,4/30/2018,BTCUSD,9393.29,9440.91,9110,9244.38,2588.42,24032272.36
937,5/1/2018,BTCUSD,9244.38,9248.8,8816.08,9059.84,3399.77,30524866.29
938,5/2/2018,BTCUSD,9059.84,9259,8975,9211.7,2483.28,22642808.61
939,5/3/2018,BTCUSD,9211.7,9786.01,9163.25,9727.5,4921.77,46632706.51
940,5/4/2018,BTCUSD,9727.5,9780,9508,9691.37,3898.63,37570363.35
941,5/5/2018,BTCUSD,9691.37,9940,9668.67,9812.81,2078.34,20438119.85
942,5/6/2018,BTCUSD,9812.81,9890,9399,9599.88,1610.58,15460759.71
943,5/7/2018,BTCUSD,9599.88,9618.16,9175,9361.96,3300.83,30842280.94
944,5/8/2018,BTCUSD,9361.96,9450,9050,9181.42,2510.28,23130695.25
945,5/9/2018,BTCUSD,9181.42,9359.25,8953.26,9308.45,3506.01,32093682.67
946,5/10/2018,BTCUSD,9308.45,9387.98,9006,9017.58,3004.07,27801859.12
947,5/11/2018,BTCUSD,9017.58,9022.05,8350.18,8398.44,5238.37,45703932.14
948,5/12/2018,BTCUSD,8451.19,8647.84,8221,8466.31,2892.2,24255884.98
949,5/13/2018,BTCUSD,8466.31,8755,8340.1,8685.5,1369.24,11696058.67
950,5/14/2018,BTCUSD,8685.5,8899.62,8283.55,8682.73,4787.21,41260201.13
951,5/15/2018,BTCUSD,8682.73,8846.13,8418.65,8475.58,5301.3,45627564.85
952,5/16/2018,BTCUSD,8475.58,8501.53,8110,8344.94,7379.95,61025040.43
953,5/17/2018,BTCUSD,8344.94,8487.15,7999,8060.01,4268.11,35213650.23
954,5/18/2018,BTCUSD,8060.01,8279,7919.2,8230,3888.8,31448707.82
955,5/19/2018,BTCUSD,8230,8392,8152.49,8240.01,1379.6,11388658.27
956,5/20/2018,BTCUSD,8240.01,8600,8168.01,8515.17,1041.53,8774206.8
957,5/21/2018,BTCUSD,8515.17,8588,8315.49,8395.71,2113.72,17794228.81
958,5/22/2018,BTCUSD,8395.71,8402.79,7955.01,7985.77,3183.29,26123850.66
959,5/23/2018,BTCUSD,7985.77,8026.37,7438.43,7497.47,5912.82,45546536.3
960,5/24/2018,BTCUSD,7497.47,7746.18,7268.99,7572.49,5287.32,39867877.39
961,5/25/2018,BTCUSD,7572.49,7659.97,7322.29,7462.65,4706.71,35187173.91
962,5/26/2018,BTCUSD,7462.65,7647.46,7300.01,7333.2,1792.97,13445959.94
963,5/27/2018,BTCUSD,7333.2,7400,7208.1,7349.12,1021.88,7463322.92
964,5/28/2018,BTCUSD,7349.12,7445.89,7076.6,7098.11,2509.35,18176967.36
965,5/29/2018,BTCUSD,7098.11,7531.21,7055.94,7460,3530.48,25878485.35
966,5/30/2018,BTCUSD,7460,7567.72,7268.76,7387.88,2452.87,18180788.95
967,5/31/2018,BTCUSD,7387.88,7616.63,7340,7484.84,2639.11,19756095.09
968,6/1/2018,BTCUSD,7484.84,7616.63,7356.08,7521.01,2933.75,21926048.72
969,6/2/2018,BTCUSD,7521.01,7698.92,7441,7643.52,1598.24,12159163.13
970,6/3/2018,BTCUSD,7643.52,7790.91,7587.53,7709.99,1186.16,9128283.35
971,6/4/2018,BTCUSD,7709.99,7754.96,7447.02,7500,2124.11,16086764.72
972,6/5/2018,BTCUSD,7500,7677.03,7341.73,7610,1918.14,14409195
973,6/6/2018,BTCUSD,7610,7694.92,7480.79,7657.92,1647.4,12505572.45
974,6/7/2018,BTCUSD,7657.92,7745,7635.89,7691.26,1573.01,12099431.83
975,6/8/2018,BTCUSD,7691.26,7695,7539.97,7647.08,1306.91,9968506.72
976,6/9/2018,BTCUSD,7647.19,7684.22,7457.5,7501.64,726.65,5520341.28
977,6/10/2018,BTCUSD,7501.64,7501.64,6630.5,6770,6317.66,43870922.23
978,6/11/2018,BTCUSD,6770,6913.59,6646.19,6878,4598.11,31049870.98
979,6/12/2018,BTCUSD,6878,6879.99,6444.03,6550,4026.41,26903711.76
980,6/13/2018,BTCUSD,6550,6619.84,6122.94,6297.7,6909.06,44033200.75
981,6/14/2018,BTCUSD,6297.7,6711.42,6280.01,6639.66,5311.96,34427551.84
982,6/15/2018,BTCUSD,6639.66,6664.53,6365.52,6388.98,3320.69,21768162.28
983,6/16/2018,BTCUSD,6388.98,6550,6333.98,6486.86,1742.56,11247709.85
984,6/17/2018,BTCUSD,6486.86,6574.34,6430.77,6444.35,691.97,4497996.91
985,6/18/2018,BTCUSD,6444.35,6800,6380.41,6711.16,2336.27,15410558.5
986,6/19/2018,BTCUSD,6711.16,6831,6665.13,6740.96,1455.55,9797841.42
987,6/20/2018,BTCUSD,6740.96,6815.21,6550.59,6758.31,2285.34,15234421.97
988,6/21/2018,BTCUSD,6758.31,6785.87,6685.18,6717.88,1162.12,7821556.81
989,6/22/2018,BTCUSD,6717.88,6730,5940.05,6076.88,5771.55,36253129.69
990,6/23/2018,BTCUSD,6073.38,6259.09,6031.03,6172.55,1025.6,6287170.51
991,6/24/2018,BTCUSD,6172.55,6254.16,5768.4,6149.99,2849.42,17065277.44
992,6/25/2018,BTCUSD,6149.99,6349.46,6075.19,6242.53,2697.76,16753610.18
993,6/26/2018,BTCUSD,6242.53,6275,6051.01,6060.01,2142.24,13260615.29
994,6/27/2018,BTCUSD,6060.01,6177.31,5987.01,6135.8,2465.26,15013804.79
995,6/28/2018,BTCUSD,6135.8,6158.1,5825.26,5850.13,1971.71,11847774.22
996,6/29/2018,BTCUSD,5850.13,6600,5785.17,6202.49,4887.43,29281958.52
997,6/30/2018,BTCUSD,6202.49,6531.61,6193.28,6389.01,1981.45,12618700.71
998,7/1/2018,BTCUSD,6389.01,6430.01,6254.23,6345.53,1839.49,11680577.5
999,7/2/2018,BTCUSD,6345.53,6673.9,6267.68,6615.13,4595.13,29812470.48
1000,7/3/2018,BTCUSD,6615.13,6669.47,6463.17,6508.36,4316.24,28405008.22
1001,7/4/2018,BTCUSD,6508.36,6794.53,6313.27,6583.72,4430.9,28979165.74
1002,7/5/2018,BTCUSD,6583.72,6700,6446.68,6529.47,5533.27,36422647.86
1003,7/6/2018,BTCUSD,6529.47,6641.09,6451.31,6582.51,3417.14,22353665.84
1004,7/7/2018,BTCUSD,6587.45,6848.84,6510.17,6754.14,2417.43,16003935.02
1005,7/8/2018,BTCUSD,6754.14,6782.95,6669,6700.88,1966.12,13243386.64
1006,7/9/2018,BTCUSD,6700.88,6798.97,6620,6666,2748.76,18417559.21
1007,7/10/2018,BTCUSD,6666,6683.68,6262.94,6299,5598.94,36155373
1008,7/11/2018,BTCUSD,6299,6400,6287.54,6380,3416.38,21678518.88
1009,7/12/2018,BTCUSD,6380,6380,6075,6249.75,3131.49,19414473.3
1010,7/13/2018,BTCUSD,6249.75,6331.16,6128.32,6203.79,1035.7,6450862.83
1011,7/14/2018,BTCUSD,6210,6321.58,6185.19,6250.02,488.73,3044549.28
1012,7/15/2018,BTCUSD,6250.02,6382.7,6233.14,6347.99,904.84,5720351.74
1013,7/16/2018,BTCUSD,6347.99,6747.65,6334.47,6729.22,2858.41,18800372.19
1014,7/17/2018,BTCUSD,6729.22,7464.98,6657.66,7322.78,4768.21,33441709.84
1015,7/18/2018,BTCUSD,7322.78,7584.03,7241.19,7378.55,4611.27,34177313.64
1016,7/19/2018,BTCUSD,7378.55,7557.28,7285.37,7466.58,3843.11,28493456.82
1017,7/20/2018,BTCUSD,7466.58,7676.31,7272.01,7334.8,2991.94,22225290.03
1018,7/21/2018,BTCUSD,7334.8,7459.81,7214.96,7408.79,584.52,4295046.32
1019,7/22/2018,BTCUSD,7408.79,7567.8,7333.98,7400.37,734.34,5481433.27
1020,7/23/2018,BTCUSD,7400.37,7810,7378.89,7713.62,3363.31,25863287.55
1021,7/24/2018,BTCUSD,7713.62,8480,7700,8400.73,4541.37,36903770.08
1022,7/25/2018,BTCUSD,8400.73,8480,8039.99,8160,3815.41,31429136.47
1023,7/26/2018,BTCUSD,8160,8290,7843.05,7926.36,3460.55,28220038.28
1024,7/27/2018,BTCUSD,7926.36,8269.62,7795,8192.21,3763.01,30210292.58
1025,7/28/2018,BTCUSD,8192.21,8234.98,8055.67,8234.98,895.24,7297971.06
1026,7/29/2018,BTCUSD,8234.98,8280,8120.34,8216.06,492.38,4043646.83
1027,7/30/2018,BTCUSD,8216.06,8274.97,7849.54,8166.86,2951.63,23894009.03
1028,7/31/2018,BTCUSD,8166.86,8184.07,7640.33,7725.05,3512.21,27587934.27
1029,8/1/2018,BTCUSD,7725.05,7751.28,7431,7602.14,2227.75,16850557.85
1030,8/2/2018,BTCUSD,7602.14,7706.7,7456.52,7536,1663.16,12612346.77
1031,8/3/2018,BTCUSD,7536,7536.01,7291.5,7413.7,2439.32,18031782.32
1032,8/4/2018,BTCUSD,7413.7,7485,6930.37,7014.55,1463.33,10421504.07
1033,8/5/2018,BTCUSD,7014.55,7084.95,6891,7032.06,779.95,5441639.14
1034,8/6/2018,BTCUSD,7032.06,7184,6835,6931.59,1789.55,12437634.3
1035,8/7/2018,BTCUSD,6931.59,7148.53,6670.5,6720.18,2389.89,16594592.98
1036,8/8/2018,BTCUSD,6720.18,6720.18,6104.82,6274.5,5724.47,36488150.19
1037,8/9/2018,BTCUSD,6274.5,6626.62,6195.01,6540.47,3450.8,22107421.86
1038,8/10/2018,BTCUSD,6540.47,6588.97,6010.5,6109.19,3362.86,21227385.62
1039,8/11/2018,BTCUSD,6109.19,6208,6013.61,6091.87,1536.17,9395605.1
1040,8/12/2018,BTCUSD,6091.87,6091.87,6091.87,6091.87,0,0
1041,8/13/2018,BTCUSD,6318.21,6546.29,6150,6257.31,3190.8,20164785.38
1042,8/14/2018,BTCUSD,6257.31,6262.44,5886,6196.17,6264.38,37887453.74
1043,8/15/2018,BTCUSD,6196.17,6623.09,6187.68,6269.74,4706.48,30064668.33
1044,8/16/2018,BTCUSD,6269.74,6475,6210.04,6313.83,2781.29,17717210.19
1045,8/17/2018,BTCUSD,6313.83,6580.76,6292.36,6580.76,3322.57,21597295.71
1046,8/18/2018,BTCUSD,6580.76,6619.79,6300,6389.99,1429.1,9173905.74
1047,8/19/2018,BTCUSD,6389.99,6552.23,6317.73,6491.5,1082.46,6946616.32
1048,8/20/2018,BTCUSD,6491.5,6524.06,6232.21,6258.36,2762.95,17630966.04
1049,8/21/2018,BTCUSD,6258.36,6493,6250,6476.53,2000.23,12790616.86
1050,8/22/2018,BTCUSD,6476.53,6900,6251,6350,6588.74,43169169.56
1051,8/23/2018,BTCUSD,6350,6570.85,6347.73,6524.17,2942.35,18946723.4
1052,8/24/2018,BTCUSD,6524.17,6728.46,6450.01,6692,3411.43,22349075.27
1053,8/25/2018,BTCUSD,6692,6788.88,6669.7,6730.95,1059.24,7125580.14
1054,8/26/2018,BTCUSD,6730.95,6767.99,6571,6706.31,1000.44,6671216.97
1055,8/27/2018,BTCUSD,6706.31,6938.83,6653.82,6909,3657.28,24664842.06
1056,8/28/2018,BTCUSD,6909,7125,6866.78,7075.1,4428.12,30915953.49
1057,8/29/2018,BTCUSD,7075.1,7119.5,6908.92,7033.83,2348.48,16503702.04
1058,8/30/2018,BTCUSD,7033.83,7049.99,6795.7,6977.96,3543.52,24538442.17
1059,8/31/2018,BTCUSD,6977.96,7088.22,6880,7017.1,2720.96,19008922.93
1060,9/1/2018,BTCUSD,7017.1,7250,7015.67,7196.18,1103.66,7876737.74
1061,9/2/2018,BTCUSD,7196.18,7330.99,7129.56,7284.57,1235.67,8959013.07
1062,9/3/2018,BTCUSD,7284.57,7325,7170.7,7252.41,1467.12,10628270.59
1063,9/4/2018,BTCUSD,7252.41,7409.27,7215.02,7354.92,3439.11,25204320.74
1064,9/5/2018,BTCUSD,7354.92,7380.53,6666,6688.01,4301.94,30317410.93
1065,9/6/2018,BTCUSD,6688.01,6702.32,6226,6496.37,6273.81,40196776.04
1066,9/7/2018,BTCUSD,6496.37,6529.99,6320.71,6395.85,2780.75,17953667.11
1067,9/8/2018,BTCUSD,6395.85,6460.68,6120,6185.27,2021.71,12766962.34
1068,9/9/2018,BTCUSD,6185.27,6463.07,6140.01,6243.21,2087.96,13045123.78
1069,9/10/2018,BTCUSD,6243.21,6371.76,6226.31,6300,2051.67,12900274.47
1070,9/11/2018,BTCUSD,6300,6418.71,6165.44,6278.84,2499.03,15677856.22
1071,9/12/2018,BTCUSD,6278.84,6347.51,6200,6324.13,2192.45,13747156.98
1072,9/13/2018,BTCUSD,6324.13,6529.99,6324.13,6485,2332.92,15062740.99
1073,9/14/2018,BTCUSD,6485,6581.04,6389.25,6523.38,2780.46,18059077.25
1074,9/15/2018,BTCUSD,6523.38,6566.47,6469,6530.08,592.16,3863105.58
1075,9/16/2018,BTCUSD,6530.08,6530.08,6357.9,6498.37,524.89,3391634.83
1076,9/17/2018,BTCUSD,6498.37,6529.99,6209.01,6251.56,2736.92,17367416.75
1077,9/18/2018,BTCUSD,6251.56,6384.29,6230.5,6339.92,2240.75,14136811.69
1078,9/19/2018,BTCUSD,6339.92,6518.24,6107.74,6383.42,3692.98,23432546.42
1079,9/20/2018,BTCUSD,6383.42,6535.89,6338.65,6495.87,2325.95,14938946.07
1080,9/21/2018,BTCUSD,6495.87,6778,6492.41,6759.51,3401.61,22646336
1081,9/22/2018,BTCUSD,6759.51,6818.23,6630,6710.26,884.13,5939670.74
1082,9/23/2018,BTCUSD,6710.26,6764.72,6666.67,6702.64,347.68,2331141.5
1083,9/24/2018,BTCUSD,6702.64,6717.4,6559.59,6577.78,1730.32,11458102.51
1084,9/25/2018,BTCUSD,6577.78,6577.78,6329.17,6433.42,2183.87,13992766.14
1085,9/26/2018,BTCUSD,6433.42,6536.33,6381.46,6455.44,2248.64,14561887.86
1086,9/27/2018,BTCUSD,6455.44,6732.99,6425.84,6682.87,2694.75,17583905.36
1087,9/28/2018,BTCUSD,6682.87,6793.49,6532.29,6621.37,3004.98,20012691.15
1088,9/29/2018,BTCUSD,6621.37,6621.37,6457.1,6580.22,468.32,3066670.09
1089,9/30/2018,BTCUSD,6580.22,6644.01,6525,6597.94,882.41,5805561.01
1090,10/1/2018,BTCUSD,6597.94,6639.05,6482.05,6573.94,2334.63,15347203.02
1091,10/2/2018,BTCUSD,6573.94,6594.98,6450,6498.88,1466.65,9571476.68
1092,10/3/2018,BTCUSD,6498.88,6509.99,6396.39,6465.97,2333.15,15039703.99
1093,10/4/2018,BTCUSD,6465.97,6600,6455.91,6549.03,1855.23,12140773.27
1094,10/5/2018,BTCUSD,6549.03,6638,6515,6581.37,1408.07,9228572.04
1095,10/6/2018,BTCUSD,6581.37,6585.07,6530.34,6545.49,304.56,1996060.68
1096,10/7/2018,BTCUSD,6545.49,6589.98,6499.01,6573.17,405.53,2651882.18
1097,10/8/2018,BTCUSD,6573.17,6655,6538.14,6600,2290.23,15072266.28
1098,10/9/2018,BTCUSD,6600,6616.33,6546,6593.48,1882.22,12384852.28
1099,10/10/2018,BTCUSD,6593.48,6593.48,6450,6529.75,2347.72,15290847.01
1100,10/11/2018,BTCUSD,6529.75,6529.75,6026.09,6153.83,5275.98,32640762.34
1101,10/12/2018,BTCUSD,6153.83,6250.53,6112.01,6202.22,3599.22,22317379.45
1102,10/13/2018,BTCUSD,6202.22,6245.97,6180.27,6195,1184.85,7347064.2
1103,10/14/2018,BTCUSD,6195,6295.08,6149.88,6181.54,1474.45,9171189.96
1104,10/15/2018,BTCUSD,6181.54,6769,6152,6437.66,9758.49,62768419.83
1105,10/16/2018,BTCUSD,6437.66,6437.66,6428.43,6428.43,0,0
1106,10/17/2018,BTCUSD,6456.48,6459.94,6406.98,6439,2016.5,12973503.26
1107,10/18/2018,BTCUSD,6439,6487.77,6350.92,6391.01,4634.73,29754186.97
1108,10/19/2018,BTCUSD,6391.01,6410.02,6342.01,6386.29,3112.21,19844576.63
1109,10/20/2018,BTCUSD,6386.29,6421.68,6380.5,6413.23,990.61,6339399.49
1110,10/21/2018,BTCUSD,6413.23,6463.98,6404.99,6412.64,376.58,2422470.08
1111,10/22/2018,BTCUSD,6412.64,6426.24,6371.09,6407.43,2726.16,17445680.98
1112,10/23/2018,BTCUSD,6407.43,6418,6350.1,6395.25,3789.09,24199297.47
1113,10/24/2018,BTCUSD,6395.25,6465.68,6390.07,6412,3456.56,22209236.2
1114,10/25/2018,BTCUSD,6412,6423.5,6358.82,6389.7,2762.27,17653569.56
1115,10/26/2018,BTCUSD,6389.7,6450,6375,6401.09,3051.51,19516832.01
1116,10/27/2018,BTCUSD,6401.09,6425,6388.06,6410.01,403.56,2585971.38
1117,10/28/2018,BTCUSD,6410.01,6418.97,6387.64,6404.8,524.58,3358643.38
1118,10/29/2018,BTCUSD,6404.8,6414.12,6200,6263.67,3579.87,22638531.78
1119,10/30/2018,BTCUSD,6263.67,6287.56,6238.94,6270.43,3173.1,19863024.66
1120,10/31/2018,BTCUSD,6270.43,6346.94,6200,6305.58,3135.77,19664002.57
1121,11/1/2018,BTCUSD,6305.58,6359.29,6281.91,6344.3,2794.72,17624049.3
1122,11/2/2018,BTCUSD,6344.3,6380,6330,6350.98,1759.45,11173910.23
1123,11/3/2018,BTCUSD,6350.98,6350.98,6318.11,6332.46,349.08,2210908.61
1124,11/4/2018,BTCUSD,6332.46,6453.22,6320.01,6425.09,878.53,5612493.02
1125,11/5/2018,BTCUSD,6425.09,6440.41,6368.49,6403.38,3770.22,24138899.68
1126,11/6/2018,BTCUSD,6403.38,6449,6384.75,6448.41,3803.09,24360874.97
1127,11/7/2018,BTCUSD,6448.41,6540,6445.5,6501.5,3733.8,24275948.68
1128,11/8/2018,BTCUSD,6501.5,6512,6393.84,6405.88,3154.78,20332988.05
1129,11/9/2018,BTCUSD,6405.88,6429.68,6312,6335,1448.62,9225871.44
1130,11/10/2018,BTCUSD,6335,6369.99,6332.6,6350.23,323.14,2053866.07
1131,11/11/2018,BTCUSD,6350.23,6364.97,6275,6360.98,544.04,3444779.02
1132,11/12/2018,BTCUSD,6360.98,6382.25,6300,6326.27,979.2,6210313.26
1133,11/13/2018,BTCUSD,6326.27,6326.4,6250,6258.26,1767.61,11111823.05
1134,11/14/2018,BTCUSD,6258.26,6297.66,5290,5606.38,13448.08,76375574.91
1135,11/15/2018,BTCUSD,5606.38,5648.04,5200,5572.71,7172.66,39157716.06
1136,11/16/2018,BTCUSD,5572.71,5608.35,5412.48,5515.77,4685.64,25905830.17
1137,11/17/2018,BTCUSD,5515.77,5544.33,5455.09,5503.64,1507.33,8267008.21
1138,11/18/2018,BTCUSD,5503.64,5658.15,5503.64,5560.42,1135.33,6306200.43
1139,11/19/2018,BTCUSD,5560.42,5560.42,4673.86,4733.82,11102.58,56455361.6
1140,11/20/2018,BTCUSD,4733.82,4896.54,4044.71,4355.22,18984.56,84500490.08
1141,11/21/2018,BTCUSD,4355.22,4643.54,4242.49,4546.67,9083.87,40286168.95
1142,11/22/2018,BTCUSD,4546.67,4596.33,4237.01,4263.29,4216.2,18785589.94
1143,11/23/2018,BTCUSD,4263.29,4371.16,4086.83,4288.25,7107.55,30015145.2
1144,11/24/2018,BTCUSD,4288.25,4371.46,3650,3789.99,5571.47,22547503.47
1145,11/25/2018,BTCUSD,3789.99,4116.92,3473,3933.57,10876.16,40871050.96
1146,11/26/2018,BTCUSD,3933.57,4075.96,3518.6,3730.44,11274.68,42165703.44
1147,11/27/2018,BTCUSD,3730.44,3829.26,3565,3771.43,8334.53,30864417.41
1148,11/28/2018,BTCUSD,3771.43,4350,3771.43,4223.69,9513.85,38997822.81
1149,11/29/2018,BTCUSD,4223.69,4407.45,4085.49,4240.53,8348.46,35371243.85
1150,11/30/2018,BTCUSD,4240.53,4295.09,3851,3984.01,5903.72,23881979.38
1151,12/1/2018,BTCUSD,3970,4250,3911.47,4141.59,2186.23,8987670.14
1152,12/2/2018,BTCUSD,4141.59,4261.6,4037.62,4101.25,2850.67,11776105.77
1153,12/3/2018,BTCUSD,4101.25,4119.39,3750,3835.01,5196.99,20247858.81
1154,12/4/2018,BTCUSD,3835.01,4034.99,3730.52,3903.94,4672.7,18173530.7
1155,12/5/2018,BTCUSD,3903.94,3916.74,3667.19,3691.92,4204.35,15906060.83
1156,12/6/2018,BTCUSD,3691.92,3846.62,3420.65,3436.54,8876.44,32235916.36
1157,12/7/2018,BTCUSD,3436.54,3536.36,3209.71,3377.83,10817.8,36284413.01
1158,12/8/2018,BTCUSD,3377.83,3459,3254.62,3394.5,2794.31,9395393.95
1159,12/9/2018,BTCUSD,3394.5,3641.28,3373.71,3529.66,3840.51,13431518.82
1160,12/10/2018,BTCUSD,3529.66,3591.53,3357.56,3411.6,4938.81,17059119.16
1161,12/11/2018,BTCUSD,3411.6,3426.68,3295.01,3356.01,3723.42,12516693.03
1162,12/12/2018,BTCUSD,3347.11,3486,3325.11,3431.89,5014.93,17088299.34
1163,12/13/2018,BTCUSD,3431.89,3439.52,3225.39,3265.44,5680.04,18959465.39
1164,12/14/2018,BTCUSD,3265.44,3295.5,3136.46,3195.43,5780.14,18625777.39
1165,12/15/2018,BTCUSD,3195.43,3241,3126.88,3184.06,3230.04,10250540.92
1166,12/16/2018,BTCUSD,3184.06,3263.05,3175,3193,1492.48,4802409.1
1167,12/17/2018,BTCUSD,3193,3584.99,3183.07,3502.84,7868.65,26979715.65
1168,12/18/2018,BTCUSD,3502.84,3681.1,3432.38,3667.82,6574.25,23159640.05
1169,12/19/2018,BTCUSD,3667.82,3922.6,3644.26,3683.97,11373.33,42682441.11
1170,12/20/2018,BTCUSD,3683.97,4200,3663.29,4077.29,11541.31,45775523.25
1171,12/21/2018,BTCUSD,4077.29,4163.66,3773.13,3839.06,9566.39,37997707.72
1172,12/22/2018,BTCUSD,3839.06,4005,3790.27,3979.35,2932.5,11322281.55
1173,12/23/2018,BTCUSD,3979.35,4053.04,3910,3948.58,2136.18,8481846.46
1174,12/24/2018,BTCUSD,3948.58,4238.33,3945.32,4036,6864.28,28360522.43
1175,12/25/2018,BTCUSD,4036,4046.24,3680,3777.97,5009.32,18935262.68
1176,12/26/2018,BTCUSD,3777.97,3863.82,3688.04,3808.85,3526.11,13314035.13
1177,12/27/2018,BTCUSD,3808.85,3842.27,3567.86,3588.67,6312.37,23410323.09
1178,12/28/2018,BTCUSD,3588.67,3965.23,3576.04,3889.2,4969.81,18630733
1179,12/29/2018,BTCUSD,3889.2,3937.21,3700,3729.57,3269.94,12638069.83
1180,12/30/2018,BTCUSD,3729.57,3864.93,3691.01,3826.96,2208.48,8371696.84
1181,12/31/2018,BTCUSD,3826.96,3837.91,3621.93,3692.35,4095.78,15282703.12
1182,1/1/2019,BTCUSD,3692.35,3840.85,3577.18,3823.63,3155.16,11667756.02
1183,1/2/2019,BTCUSD,3823.63,3911.99,3763.85,3890.45,3924.91,14998960.25
1184,1/3/2019,BTCUSD,3890.45,3894.17,3760.1,3786.91,4061.88,15562412.03
1185,1/4/2019,BTCUSD,3786.91,3850.3,3732.15,3821.47,2284.54,8642529.67
1186,1/5/2019,BTCUSD,3821.47,3859.5,3780,3797.41,1675.11,6408581.55
1187,1/6/2019,BTCUSD,3797.41,4079.04,3756.79,4041.01,2511.72,9969787.14
1188,1/7/2019,BTCUSD,4041.01,4069.96,3968.45,4007.47,3933.14,15810876.36
1189,1/8/2019,BTCUSD,4007.47,4112.12,3950,3992.24,4900.54,19684370.31
1190,1/9/2019,BTCUSD,3992.24,4044.82,3964.92,4000.67,3008.22,12062995.27
1191,1/10/2019,BTCUSD,4000.67,4034.61,3566,3626.76,6903.93,25909780.72
1192,1/11/2019,BTCUSD,3626.76,3695,3577.01,3637.28,3371.77,12260715.27
1193,1/12/2019,BTCUSD,3637.28,3650,3561.5,3618.82,1264.18,4580598.24
1194,1/13/2019,BTCUSD,3618.82,3644.54,3484.33,3514.08,2279.28,8111864.88
1195,1/14/2019,BTCUSD,3514.08,3713.16,3506.84,3662.89,2851.17,10353404.07
1196,1/15/2019,BTCUSD,3662.89,3682.59,3541,3583.47,3977.73,14425790.25
1197,1/16/2019,BTCUSD,3583.47,3663.58,3571.47,3604.57,4990.66,17998353.02
1198,1/17/2019,BTCUSD,3604.57,3657.79,3545.43,3641.4,2307.73,8325788.11
1199,1/18/2019,BTCUSD,3641.4,3643.69,3577.28,3608,1627.9,5884005.16
1200,1/19/2019,BTCUSD,3608,3760,3608,3687,2227.89,8268829.89
1201,1/20/2019,BTCUSD,3687,3702.09,3474,3533.49,2149.91,7639957.2
1202,1/21/2019,BTCUSD,3533.49,3568.78,3487.29,3532.25,1434.75,5070847.23
1203,1/22/2019,BTCUSD,3532.25,3611.63,3423.74,3577.24,2338.86,8284757.87
1204,1/23/2019,BTCUSD,3577.24,3611.57,3523.34,3553.02,2039.5,7268650.49
1205,1/24/2019,BTCUSD,3553.02,3596.65,3528.54,3570.25,1189.5,4234595.46
1206,1/25/2019,BTCUSD,3570.25,3578,3510,3561,2499.51,8878335.74
1207,1/26/2019,BTCUSD,3561,3659.38,3540.12,3558.19,1176.79,4211645.01
1208,1/27/2019,BTCUSD,3558.19,3563.54,3472.94,3529.63,706.13,2489699.92
1209,1/28/2019,BTCUSD,3529.63,3535.18,3369.99,3429.7,4140.79,14214006.37
1210,1/29/2019,BTCUSD,3429.7,3437.93,3321,3395.49,4105.75,13930725.13
1211,1/30/2019,BTCUSD,3395.49,3459.5,3372.28,3436.11,3163.47,10840415.6
1212,1/31/2019,BTCUSD,3436.11,3472,3394.43,3412.1,2776.44,9495071.14
1213,2/1/2019,BTCUSD,3412.1,3458.18,3370.61,3441.87,2800.61,9580957.96
1214,2/2/2019,BTCUSD,3441.87,3484.99,3412.18,3469.06,691.13,2379749.27
1215,2/3/2019,BTCUSD,3469.06,3471.42,3390,3415.99,787.11,2695560.12
1216,2/4/2019,BTCUSD,3415.99,3435,3397,3411.47,1112.92,3801923.68
1217,2/5/2019,BTCUSD,3411.47,3430,3401.84,3429.98,1335.65,4569082.06
1218,2/6/2019,BTCUSD,3429.98,3445.22,3331.44,3366.83,2077.12,7000869.02
1219,2/7/2019,BTCUSD,3366.83,3380,3352.29,3359.99,1274.83,4288604.06
1220,2/8/2019,BTCUSD,3359.99,3711.26,3343.84,3622.59,5701.16,20153424.89
1221,2/9/2019,BTCUSD,3622.59,3638.94,3595.01,3624.11,1614.39,5836310.55
1222,2/10/2019,BTCUSD,3624.11,3655.04,3580.17,3647.21,987.24,3565812.48
1223,2/11/2019,BTCUSD,3647.21,3649.99,3578.01,3588.58,3356.7,12072097.28
1224,2/12/2019,BTCUSD,3588.58,3618.56,3550.1,3588.61,2852.03,10208314.61
1225,2/13/2019,BTCUSD,3588.61,3627.79,3561.22,3576.48,1831.34,6560232.65
1226,2/14/2019,BTCUSD,3576.48,3657,3537,3562.29,2558.17,9142540.86
1227,2/15/2019,BTCUSD,3562.29,3615.79,3544.95,3567.12,2981.09,10649544.93
1228,2/16/2019,BTCUSD,3567.12,3606.92,3567.12,3582.3,906.6,3252985.53
1229,2/17/2019,BTCUSD,3582.3,3675.87,3557.38,3626.7,1439.01,5181942.16
1230,2/18/2019,BTCUSD,3626.7,3912.51,3618.09,3866.99,3804.26,14375151.88
1231,2/19/2019,BTCUSD,3866.99,3971.46,3844.37,3892.03,3746.26,14627443.46
1232,2/20/2019,BTCUSD,3892.03,3966.67,3865.02,3941.16,3014.33,11805181.16
1233,2/21/2019,BTCUSD,3941.16,3987,3870,3901.59,2537.68,9925700.24
1234,2/22/2019,BTCUSD,3901.59,3954.99,3885.12,3946.56,1570.5,6174383
1235,2/23/2019,BTCUSD,3946.56,4153.01,3914.25,4110.99,2210.12,8914369.13
1236,2/24/2019,BTCUSD,4110.99,4186.99,3715.51,3732.48,5902.28,22906892
1237,2/25/2019,BTCUSD,3732.48,3859.17,3732.48,3820.26,2262.61,8602292.4
1238,2/26/2019,BTCUSD,3820.26,3828.12,3764.95,3799.99,1620.42,6147361.37
1239,2/27/2019,BTCUSD,3799.99,3820.28,3650.8,3800,3091.89,11629064.35
1240,2/28/2019,BTCUSD,3800,3912.16,3752.05,3791.49,3708.44,14179915.95
1241,3/1/2019,BTCUSD,3791.49,3843.78,3791.49,3808.12,1608.09,6142566.66
1242,3/2/2019,BTCUSD,3808.12,3818.31,3761.02,3812.45,584.96,2225132.76
1243,3/3/2019,BTCUSD,3812.45,3818.52,3761.95,3789.61,502.67,1908623.58
1244,3/4/2019,BTCUSD,3789.61,3805.46,3675,3700.82,1822.32,6788402.72
1245,3/5/2019,BTCUSD,3700.82,3876.59,3695,3845.73,2545.61,9666566.71
1246,3/6/2019,BTCUSD,3845.73,3893.29,3811.16,3850.46,2898.24,11133131.82
1247,3/7/2019,BTCUSD,3850.46,3889.72,3829.54,3855.26,1991.41,7693446.38
1248,3/8/2019,BTCUSD,3855.26,3910,3771.78,3842,2701.45,10468107.75
1249,3/9/2019,BTCUSD,3842,3947.88,3835.35,3917.49,847.81,3307557.71
1250,3/10/2019,BTCUSD,3917.49,3918.35,3870,3899.07,739.42,2880040.47
1251,3/11/2019,BTCUSD,3899.07,3910.46,3815.06,3851.15,1761.88,6790809.01
1252,3/12/2019,BTCUSD,3851.15,3876.22,3800,3862.12,2271.46,8733286.77
1253,3/13/2019,BTCUSD,3862.12,3869.99,3826,3850.96,2056.16,7919141.59
1254,3/14/2019,BTCUSD,3850.96,3900,3785,3855.87,2577.02,9903376.59
1255,3/15/2019,BTCUSD,3855.87,3907.11,3847.95,3901,2134.67,8300709.16
1256,3/16/2019,BTCUSD,3901,4037.02,3899,3990,1895.02,7539679.86
1257,3/17/2019,BTCUSD,3990,3992.42,3930.06,3965.45,517.09,2049556.87
1258,3/18/2019,BTCUSD,3965.45,4015.85,3936.36,3969.99,1951.98,7744117.58
1259,3/19/2019,BTCUSD,3969.99,4012.69,3951.66,4001.3,1790.84,7126346.95
1260,3/20/2019,BTCUSD,4001.3,4048.85,3963.72,4032,2515.81,10066510.2
1261,3/21/2019,BTCUSD,4032,4059.37,3915.09,3975.01,2725.24,10877458.98
1262,3/22/2019,BTCUSD,3975.01,3999.73,3963.88,3986.67,1001.2,3989559.9
1263,3/23/2019,BTCUSD,3986.67,4000.5,3961.01,3982.45,809.89,3227449.04
1264,3/24/2019,BTCUSD,3982.45,3982.45,3947,3971.53,668.72,2653311.12
1265,3/25/2019,BTCUSD,3971.53,4034.13,3858.55,3908.7,2396.13,9428641.17
1266,3/26/2019,BTCUSD,3908.7,3921.73,3882.92,3919.99,1515.98,5930417.49
1267,3/27/2019,BTCUSD,3919.99,4034,3914.95,4027.35,2482.16,9916749.35
1268,3/28/2019,BTCUSD,4027.35,4027.35,3995,4012.81,1368.83,5490203.9
1269,3/29/2019,BTCUSD,4012.81,4098.04,4007.71,4082.72,1721,6993892.12
1270,3/30/2019,BTCUSD,4082.72,4129.49,4037.28,4094.03,990.66,4046158
1271,3/31/2019,BTCUSD,4094.03,4102.91,4076.62,4095.01,498.51,2038822.54
1272,4/1/2019,BTCUSD,4095.01,4147.99,4052.49,4136.54,2280.26,9408272.18
1273,4/2/2019,BTCUSD,4136.54,5090.62,4131.25,4903.3,11731.41,55048636.68
1274,4/3/2019,BTCUSD,4903.3,5346.68,4800,4976.94,11038.1,55729580.72
1275,4/4/2019,BTCUSD,4976.94,5072.57,4782.47,4907.68,4002.33,19878417.97
1276,4/5/2019,BTCUSD,4907.68,5067.41,4887.05,5041,2898.13,14474678.58
1277,4/6/2019,BTCUSD,5041,5239.4,4892.5,5044.56,2390.58,12093844.29
1278,4/7/2019,BTCUSD,5044.56,5266.74,5029.23,5196.02,1510.27,7777657.09
1279,4/8/2019,BTCUSD,5196.02,5350,5132.26,5287.88,2766.25,14524197.92
1280,4/9/2019,BTCUSD,5287.88,5287.89,5147.16,5194.98,2775.27,14485148.38
1281,4/10/2019,BTCUSD,5194.98,5471.14,5166.42,5319.55,4036.77,21381284.54
1282,4/11/2019,BTCUSD,5319.55,5347.07,4970.51,5044.68,4747.9,24319016.22
1283,4/12/2019,BTCUSD,5044.68,5117.05,4903.64,5091.58,3367.28,16969147.62
1284,4/13/2019,BTCUSD,5091.58,5141.74,5038.09,5069.48,1543.17,7864420.45
1285,4/14/2019,BTCUSD,5069.48,5187.94,5017,5161.51,1475.51,7492355.75
1286,4/15/2019,BTCUSD,5161.51,5190,4950,5036.86,2159.21,10985361.14
1287,4/16/2019,BTCUSD,5036.86,5230,5022.84,5203.65,2112.45,10803162.22
1288,4/17/2019,BTCUSD,5203.65,5271.87,5177.37,5246.1,2396.04,12519648.79
1289,4/18/2019,BTCUSD,5246.1,5315.48,5226.96,5283.73,1658.46,8737964.94
1290,4/19/2019,BTCUSD,5283.73,5358.64,5197.38,5286.63,1345.75,7082655.26
1291,4/20/2019,BTCUSD,5286.63,5358.02,5265.78,5321.31,536.65,2852403.58
1292,4/21/2019,BTCUSD,5321.31,5342.23,5215.53,5296.26,754.94,3987312.14
1293,4/22/2019,BTCUSD,5296.26,5439.99,5256.77,5390,1605.17,8587378.49
1294,4/23/2019,BTCUSD,5390,5643.97,5366.89,5538.25,3211.67,17832484.4
1295,4/24/2019,BTCUSD,5538.25,5624.58,5376.53,5445.16,3427.55,18821335.83
1296,4/25/2019,BTCUSD,5445.16,5515.4,4976.13,5138.43,3794.34,19789652.85
1297,4/26/2019,BTCUSD,5138.43,5290.47,5046.15,5140.38,2655.37,13663191.88
1298,4/27/2019,BTCUSD,5140.38,5217.4,5119.47,5174.18,947.36,4896922.06
1299,4/28/2019,BTCUSD,5174.18,5213.66,5103.74,5157.02,562.51,2906203.15
1300,4/29/2019,BTCUSD,5157.02,5189.14,5071.48,5149.86,1127.6,5803458.66
1301,4/30/2019,BTCUSD,5149.86,5285.02,5133.08,5266.34,1713.74,8956863.33
1302,5/1/2019,BTCUSD,5266.34,5358.3,5266.34,5329.97,1333.42,7081712.62
1303,5/2/2019,BTCUSD,5329.97,5421.33,5306.95,5391.01,1714.31,9215150.95
1304,5/3/2019,BTCUSD,5391.01,5800.02,5365.2,5660.3,3157.7,17825555.95
1305,5/4/2019,BTCUSD,5660.3,5837.2,5511.01,5769.51,1980.52,11274205
1306,5/5/2019,BTCUSD,5769.51,5778.4,5630.63,5715.3,595.99,3404654.18
1307,5/6/2019,BTCUSD,5715.3,5758.31,5570,5686.65,1451.05,8225288.67
1308,5/7/2019,BTCUSD,5686.65,5969.51,5686.65,5745,2855.5,16703547.42
1309,5/8/2019,BTCUSD,5745,5989.98,5653.65,5935.1,1892.96,11041418.25
1310,5/9/2019,BTCUSD,5935.1,6170.33,5935.01,6146.18,2355.05,14242761.9
1311,5/10/2019,BTCUSD,6146.18,6427.25,6110.3,6378.01,3414.36,21471495.1
1312,5/11/2019,BTCUSD,6378.01,7445.45,6354.69,7227.75,5637.01,39089913.34
1313,5/12/2019,BTCUSD,7227.75,7578.83,6760,6976.25,9696.46,69215337.68
1314,5/13/2019,BTCUSD,6976.25,8170,6869.09,7822.67,8023.11,62026698.03
1315,5/14/2019,BTCUSD,7822.67,8342,7625,7995.48,5334.13,42471157.08
1316,5/15/2019,BTCUSD,7995.48,8299.5,7840.82,8198.47,3420.5,27667357.92
1317,5/16/2019,BTCUSD,8198.47,8380,7665.47,7881.38,3821.51,30539555.78
1318,5/17/2019,BTCUSD,7881.38,7941.51,6630.41,7361.92,8410.19,60482380.56
1319,5/18/2019,BTCUSD,7361.92,7488.21,7210.98,7262.52,1254,9211267.03
1320,5/19/2019,BTCUSD,7262.52,8304.56,7257.75,8192.44,2486.79,19707773.03
1321,5/20/2019,BTCUSD,8192.44,8198.02,7576.35,8003.97,3771.45,29874745.8
1322,5/21/2019,BTCUSD,8003.97,8111.32,7809.64,7954.49,1817.9,14456002.87
1323,5/22/2019,BTCUSD,7954.49,8044.08,7504,7620,2278.64,17802633.09
1324,5/23/2019,BTCUSD,7620,7983.03,7470.9,7879.92,1829.05,14142701.87
1325,5/24/2019,BTCUSD,7879.92,8180,7800,8004.36,1574.28,12636731.56
1326,5/25/2019,BTCUSD,8004.36,8149.5,7947.79,8074.87,710.61,5715577.55
1327,5/26/2019,BTCUSD,8074.87,8786.32,7891.47,8750.01,2687.87,22739403.12
1328,5/27/2019,BTCUSD,8750.01,8946,8629.02,8781.16,2344.39,20634713.19
1329,5/28/2019,BTCUSD,8781.16,8823.75,8550,8726.4,2265.02,19669909.45
1330,5/29/2019,BTCUSD,8726.4,8760,8431.15,8659.18,1898.49,16374194.94
1331,5/30/2019,BTCUSD,8659.18,9094.51,8000,8273.76,4602.24,39405604.11
1332,5/31/2019,BTCUSD,8273.76,8554.96,8114.72,8516.2,2416.2,20222979.67
1333,6/1/2019,BTCUSD,8516.2,8621,8458.34,8566.1,641.3,5483092.32
1334,6/2/2019,BTCUSD,8566.1,8831.69,8546.38,8745.75,505.65,4397819.2
1335,6/3/2019,BTCUSD,8745.75,8745.75,8030.32,8110.99,2748.44,23018359.18
1336,6/4/2019,BTCUSD,8110.99,8110.99,7440.83,7682.81,6700.56,52363586.43
1337,6/5/2019,BTCUSD,7682.81,7923.98,7570.65,7791.42,1914.1,14866239.17
1338,6/6/2019,BTCUSD,7791.42,7876.91,7450,7801,1396.41,10729066.54
1339,6/7/2019,BTCUSD,7801,8130,7766,8002.98,1726.06,13745563.26
1340,6/8/2019,BTCUSD,8002.98,8058.34,7787.78,7936.35,428.02,3387033.93
1341,6/9/2019,BTCUSD,7936.35,7962.68,7510,7643.46,586.97,4524910.5
1342,6/10/2019,BTCUSD,7643.46,8095.19,7525.67,8024.35,1339.71,10598733.14
1343,6/11/2019,BTCUSD,8024.35,8056.23,7710.12,7920.63,1084.97,8543584.1
1344,6/12/2019,BTCUSD,7920.63,8290.2,7826.63,8176.44,1842.96,14960297.53
1345,6/13/2019,BTCUSD,8176.44,8329.13,8048.33,8256.09,971.21,7973955.55
1346,6/14/2019,BTCUSD,8256.09,8729.17,8185,8699.71,1508.91,12721601.77
1347,6/15/2019,BTCUSD,8699.71,8911.6,8627.97,8853.3,920.94,8066115.81
1348,6/16/2019,BTCUSD,8853.3,9386.98,8800.04,8989.89,3091.45,28115796.41
1349,6/17/2019,BTCUSD,8989.89,9472,8977.38,9331.03,2980.05,27579721.71
1350,6/18/2019,BTCUSD,9331.03,9360.74,8930.45,9084.31,2560.82,23356172.21
1351,6/19/2019,BTCUSD,9084.31,9324.25,9039.34,9282.65,2017.16,18441752.37
1352,6/20/2019,BTCUSD,9282.65,9605.44,9211.96,9534.88,1988.86,18731396.88
1353,6/21/2019,BTCUSD,9534.88,10243.82,9532.61,10233.92,3004.88,29641395.42
1354,6/22/2019,BTCUSD,10233.92,11201,10085.83,10676.48,5157.34,55101511.44
1355,6/23/2019,BTCUSD,10676.48,11200,10490,10842.82,1833.2,19739732.25
1356,6/24/2019,BTCUSD,10842.82,11090,10531.2,11035,2015.97,21872075.9
1357,6/25/2019,BTCUSD,11035,11791.53,11000.48,11759.9,3011.26,34134572.62
1358,6/26/2019,BTCUSD,11759.9,13858.37,11454.8,12936.45,10928.35,138561002.6
1359,6/27/2019,BTCUSD,12936.45,13359.99,10299,11143.74,9062.65,104698562.8
1360,6/28/2019,BTCUSD,11143.74,12436,10738.17,12388.24,3871.68,45240001.55
1361,6/29/2019,BTCUSD,12388.24,12388.24,11200,11885.94,2819.35,33306314.31
1362,6/30/2019,BTCUSD,11885.94,12197.03,10642.07,10746,3327.58,37480404.66
1363,7/1/2019,BTCUSD,10746,11199.59,9960,10451.1,5301.52,55874250.19
1364,7/2/2019,BTCUSD,10451.1,10915.95,9653,10833.82,3877.44,40051728.82
1365,7/3/2019,BTCUSD,10833.82,12023.24,10833.82,11987.32,4604.8,52462719.44
1366,7/4/2019,BTCUSD,11987.32,12052.86,11040,11144.85,2539.09,29605721.52
1367,7/5/2019,BTCUSD,11144.85,11441.84,10760.1,10997.3,2095.27,23254456.66
1368,7/6/2019,BTCUSD,10997.3,11722.58,10993.85,11242.22,1148.1,13112321.16
1369,7/7/2019,BTCUSD,11242.22,11624.88,11086.72,11475.07,828.14,9408644.03
1370,7/8/2019,BTCUSD,11475.07,12400,11332.52,12307.13,2406.04,28739475.55
1371,7/9/2019,BTCUSD,12307.13,12832.83,12122.51,12570.42,3496.33,43658786.73
1372,7/10/2019,BTCUSD,12570.42,13186.9,11536.35,12097.34,6346.41,78559413.01
1373,7/11/2019,BTCUSD,12097.34,12097.34,10963.27,11320.13,4685.24,53939623.31
1374,7/12/2019,BTCUSD,11319.42,11947.85,11082.55,11776.4,1796.69,20810164.59
1375,7/13/2019,BTCUSD,11776.4,11847,10791.73,11374.76,2235.16,25120178.26
1376,7/14/2019,BTCUSD,11374.76,11458.2,10095,10200.8,2302.37,24473609.99
1377,7/15/2019,BTCUSD,10200.8,11088.44,9862.89,10850,3214.98,33424877.9
1378,7/16/2019,BTCUSD,10850,11030,9358,9429.05,5348.53,53519126.64
1379,7/17/2019,BTCUSD,9429.05,9981.23,9074,9653.25,3931.95,37469157.16
